Workbook

Sheet Estado_cepas
A1: Codigo | B1: Extracción ADN | C1: PCRs | D1: Secuenciación | E1: Proyecto | F1: FECHA INICIO | G1: Organismo
A2: 1 Tif DNAa 16S 1/3 | B2: {=IFERROR( IF(INDEX([1]Extraídas!B:B,MATCH(LEFT($A2,6)&"*",[1]Extraídas!A:A,0))="Extraídas", "✅ En proceso", IF(INDEX([1]Extraídas!B:B,MATCH(LEFT($A2,6)&"*",[1]Extraídas!A:A,0))="Recibidas", "⏳ Pendiente","❌ No ingresada")), "❌ No ingresada" )} -> ✅ En proceso | C2: {=IFERROR( IF(INDEX([1]PCRs!B:B,MATCH(LEFT($A2,6)&"*",[1]PCRs!A:A,0))="Positivo", "✅ Positivo", IF(INDEX([1]PCRs!B:B,MATCH(LEFT($A2,6)&"*",[1]PCRs!A:A,0))="Negativo", "❌ Negativo", "⏳ No realizado")), "⏳ No realizado" )} -> ⏳ No realizado | D2: =IFERROR( CHOOSE( MATCH(VLOOKUP(LEFT(A49,6)&"*",'Identificación genética'!A:C,2,FALSE), {"En proceso";"Finalizado"},0), "🔬 En proceso", "🎯 Finalizado" ), "❌ NA") -> ❌ NA | E2: Algasal | F2: 45947 | G2: =_xlfn.XLOOKUP(A2, Extraídas!A:A, Extraídas!G:G, "") -> ambiental
A3: 1 Tif DNAa 16S 2/3 | B3: {=IFERROR( IF(INDEX([1]Extraídas!B:B,MATCH(LEFT($A3,6)&"*",[1]Extraídas!A:A,0))="Extraídas", "✅ En proceso", IF(INDEX([1]Extraídas!B:B,MATCH(LEFT($A3,6)&"*",[1]Extraídas!A:A,0))="Recibidas", "⏳ Pendiente","❌ No ingresada")), "❌ No ingresada" )} -> ✅ En proceso | C3: {=IFERROR( IF(INDEX([1]PCRs!B:B,MATCH(LEFT($A3,6)&"*",[1]PCRs!A:A,0))="Positivo", "✅ Positivo", IF(INDEX([1]PCRs!B:B,MATCH(LEFT($A3,6)&"*",[1]PCRs!A:A,0))="Negativo", "❌ Negativo", "⏳ No realizado")), "⏳ No realizado" )} -> ⏳ No realizado | D3: =IFERROR( CHOOSE( MATCH(VLOOKUP(LEFT(A50,6)&"*",'Identificación genética'!A:C,2,FALSE), {"En proceso";"Finalizado"},0), "🔬 En proceso", "🎯 Finalizado" ), "❌ NA") -> ❌ NA | E3: Algasal | F3: 45947 | G3: =_xlfn.XLOOKUP(A3, Extraídas!A:A, Extraídas!G:G, "") -> ambiental
A4: 1 Tif DNAa 16S 3/3 | B4: {=IFERROR( IF(INDEX([1]Extraídas!B:B,MATCH(LEFT($A4,6)&"*",[1]Extraídas!A:A,0))="Extraídas", "✅ En proceso", IF(INDEX([1]Extraídas!B:B,MATCH(LEFT($A4,6)&"*",[1]Extraídas!A:A,0))="Recibidas", "⏳ Pendiente","❌ No ingresada")), "❌ No ingresada" )} -> ✅ En proceso | C4: {=IFERROR( IF(INDEX([1]PCRs!B:B,MATCH(LEFT($A4,6)&"*",[1]PCRs!A:A,0))="Positivo", "✅ Positivo", IF(INDEX([1]PCRs!B:B,MATCH(LEFT($A4,6)&"*",[1]PCRs!A:A,0))="Negativo", "❌ Negativo", "⏳ No realizado")), "⏳ No realizado" )} -> ⏳ No realizado | D4: =IFERROR( CHOOSE( MATCH(VLOOKUP(LEFT(A51,6)&"*",'Identificación genética'!A:C,2,FALSE), {"En proceso";"Finalizado"},0), "🔬 En proceso", "🎯 Finalizado" ), "❌ NA") -> ❌ NA | E4: Algasal | F4: 45947 | G4: =_xlfn.XLOOKUP(A4, Extraídas!A:A, Extraídas!G:G, "") -> ambiental
A5: 1.1_MARZO_ALGASAL | B5: =IFERROR( IF(INDEX(Extraídas!B:B,MATCH(LEFT($A5,6)&"*",Extraídas!A:A,0))="Extraídas", "✅ En proceso", IF(INDEX(Extraídas!B:B,MATCH(LEFT($A5,6)&"*",Extraídas!A:A,0))="Recibidas", "⏳ Pendiente","❌ No ingresada")), "❌ No ingresada" ) -> ✅ En proceso | C5: {=IFERROR( IF(INDEX([1]PCRs!B:B,MATCH(LEFT($A5,6)&"*",[1]PCRs!A:A,0))="Positivo", "✅ Positivo", IF(INDEX([1]PCRs!B:B,MATCH(LEFT($A5,6)&"*",[1]PCRs!A:A,0))="Negativo", "❌ Negativo", "⏳ No realizado")), "⏳ No realizado" )} -> ❌ Negativo | D5: =IFERROR( CHOOSE( MATCH(VLOOKUP(LEFT(A52,6)&"*",'Identificación genética'!A:C,2,FALSE), {"En proceso";"Finalizado"},0), "🔬 En proceso", "🎯 Finalizado" ), "❌ NA") -> ❌ NA | E5: Algasal | F5: 45756 | G5: =_xlfn.XLOOKUP(A5, Extraídas!A:A, Extraídas!G:G, "") -> Macroalgas
A6: 1.1RP7 | B6: {=IFERROR( IF(INDEX([1]Extraídas!B:B,MATCH(LEFT($A6,6)&"*",[1]Extraídas!A:A,0))="Extraídas", "✅ En proceso", IF(INDEX([1]Extraídas!B:B,MATCH(LEFT($A6,6)&"*",[1]Extraídas!A:A,0))="Recibidas", "⏳ Pendiente","❌ No ingresada")), "❌ No ingresada" )} -> ✅ En proceso | C6: {=IFERROR( IF(INDEX([1]PCRs!B:B,MATCH(LEFT($A6,6)&"*",[1]PCRs!A:A,0))="Positivo", "✅ Positivo", IF(INDEX([1]PCRs!B:B,MATCH(LEFT($A6,6)&"*",[1]PCRs!A:A,0))="Negativo", "❌ Negativo", "⏳ No realizado")), "⏳ No realizado" )} -> ⏳ No realizado | D6: =IFERROR( CHOOSE( MATCH(VLOOKUP(LEFT(A53,6)&"*",'Identificación genética'!A:C,2,FALSE), {"En proceso";"Finalizado"},0), "🔬 En proceso", "🎯 Finalizado" ), "❌ NA") -> ❌ NA | E6: Algasal | F6: 45922 | G6: =_xlfn.XLOOKUP(A6, Extraídas!A:A, Extraídas!G:G, "") -> Macroalgas
A7: 1.2_MARZO_ALGASAL | B7: =IFERROR( IF(INDEX(Extraídas!B:B,MATCH(LEFT($A7,6)&"*",Extraídas!A:A,0))="Extraídas", "✅ En proceso", IF(INDEX(Extraídas!B:B,MATCH(LEFT($A7,6)&"*",Extraídas!A:A,0))="Recibidas", "⏳ Pendiente","❌ No ingresada")), "❌ No ingresada" ) -> ✅ En proceso | C7: {=IFERROR( IF(INDEX([1]PCRs!B:B,MATCH(LEFT($A7,6)&"*",[1]PCRs!A:A,0))="Positivo", "✅ Positivo", IF(INDEX([1]PCRs!B:B,MATCH(LEFT($A7,6)&"*",[1]PCRs!A:A,0))="Negativo", "❌ Negativo", "⏳ No realizado")), "⏳ No realizado" )} -> ⏳ No realizado | D7: =IFERROR( CHOOSE( MATCH(VLOOKUP(LEFT(A54,6)&"*",'Identificación genética'!A:C,2,FALSE), {"En proceso";"Finalizado"},0), "🔬 En proceso", "🎯 Finalizado" ), "❌ NA") -> ❌ NA | E7: Algasal | F7: 45756 | G7: =_xlfn.XLOOKUP(A7, Extraídas!A:A, Extraídas!G:G, "") -> Macroalgas
A8: 1.3_MARZO_ALGASAL | B8: =IFERROR( IF(INDEX(Extraídas!B:B,MATCH(LEFT($A8,6)&"*",Extraídas!A:A,0))="Extraídas", "✅ En proceso", IF(INDEX(Extraídas!B:B,MATCH(LEFT($A8,6)&"*",Extraídas!A:A,0))="Recibidas", "⏳ Pendiente","❌ No ingresada")), "❌ No ingresada" ) -> ✅ En proceso | C8: {=IFERROR( IF(INDEX([1]PCRs!B:B,MATCH(LEFT($A8,6)&"*",[1]PCRs!A:A,0))="Positivo", "✅ Positivo", IF(INDEX([1]PCRs!B:B,MATCH(LEFT($A8,6)&"*",[1]PCRs!A:A,0))="Negativo", "❌ Negativo", "⏳ No realizado")), "⏳ No realizado" )} -> ✅ Positivo | D8: =IFERROR( CHOOSE( MATCH(VLOOKUP(LEFT(A55,6)&"*",'Identificación genética'!A:C,2,FALSE), {"En proceso";"Finalizado"},0), "🔬 En proceso", "🎯 Finalizado" ), "❌ NA") -> ❌ NA | E8: Algasal | F8: 45756 | G8: =_xlfn.XLOOKUP(A8, Extraídas!A:A, Extraídas!G:G, "") -> Macroalgas
A9: 2 Tif DNAa 16S 1/3 | B9: {=IFERROR( IF(INDEX([1]Extraídas!B:B,MATCH(LEFT($A9,6)&"*",[1]Extraídas!A:A,0))="Extraídas", "✅ En proceso", IF(INDEX([1]Extraídas!B:B,MATCH(LEFT($A9,6)&"*",[1]Extraídas!A:A,0))="Recibidas", "⏳ Pendiente","❌ No ingresada")), "❌ No ingresada" )} -> ✅ En proceso | C9: {=IFERROR( IF(INDEX([1]PCRs!B:B,MATCH(LEFT($A9,6)&"*",[1]PCRs!A:A,0))="Positivo", "✅ Positivo", IF(INDEX([1]PCRs!B:B,MATCH(LEFT($A9,6)&"*",[1]PCRs!A:A,0))="Negativo", "❌ Negativo", "⏳ No realizado")), "⏳ No realizado" )} -> ⏳ No realizado | D9: =IFERROR( CHOOSE( MATCH(VLOOKUP(LEFT(A56,6)&"*",'Identificación genética'!A:C,2,FALSE), {"En proceso";"Finalizado"},0), "🔬 En proceso", "🎯 Finalizado" ), "❌ NA") -> ❌ NA | E9: Algasal | F9: 45947 | G9: =_xlfn.XLOOKUP(A9, Extraídas!A:A, Extraídas!G:G, "") -> ambiental
A10: 2 Tif DNAa 16S 2/3 | B10: {=IFERROR( IF(INDEX([1]Extraídas!B:B,MATCH(LEFT($A10,6)&"*",[1]Extraídas!A:A,0))="Extraídas", "✅ En proceso", IF(INDEX([1]Extraídas!B:B,MATCH(LEFT($A10,6)&"*",[1]Extraídas!A:A,0))="Recibidas", "⏳ Pendiente","❌ No ingresada")), "❌ No ingresada" )} -> ✅ En proceso | C10: {=IFERROR( IF(INDEX([1]PCRs!B:B,MATCH(LEFT($A10,6)&"*",[1]PCRs!A:A,0))="Positivo", "✅ Positivo", IF(INDEX([1]PCRs!B:B,MATCH(LEFT($A10,6)&"*",[1]PCRs!A:A,0))="Negativo", "❌ Negativo", "⏳ No realizado")), "⏳ No realizado" )} -> ⏳ No realizado | D10: =IFERROR( CHOOSE( MATCH(VLOOKUP(LEFT(A57,6)&"*",'Identificación genética'!A:C,2,FALSE), {"En proceso";"Finalizado"},0), "🔬 En proceso", "🎯 Finalizado" ), "❌ NA") -> ❌ NA | E10: Algasal | F10: 45947 | G10: =_xlfn.XLOOKUP(A10, Extraídas!A:A, Extraídas!G:G, "") -> ambiental
A11: 2 Tif DNAa 16S 3/3 | B11: {=IFERROR( IF(INDEX([1]Extraídas!B:B,MATCH(LEFT($A11,6)&"*",[1]Extraídas!A:A,0))="Extraídas", "✅ En proceso", IF(INDEX([1]Extraídas!B:B,MATCH(LEFT($A11,6)&"*",[1]Extraídas!A:A,0))="Recibidas", "⏳ Pendiente","❌ No ingresada")), "❌ No ingresada" )} -> ✅ En proceso | C11: {=IFERROR( IF(INDEX([1]PCRs!B:B,MATCH(LEFT($A11,6)&"*",[1]PCRs!A:A,0))="Positivo", "✅ Positivo", IF(INDEX([1]PCRs!B:B,MATCH(LEFT($A11,6)&"*",[1]PCRs!A:A,0))="Negativo", "❌ Negativo", "⏳ No realizado")), "⏳ No realizado" )} -> ⏳ No realizado | D11: =IFERROR( CHOOSE( MATCH(VLOOKUP(LEFT(A58,6)&"*",'Identificación genética'!A:C,2,FALSE), {"En proceso";"Finalizado"},0), "🔬 En proceso", "🎯 Finalizado" ), "❌ NA") -> ❌ NA | E11: Algasal | F11: 45947 | G11: =_xlfn.XLOOKUP(A11, Extraídas!A:A, Extraídas!G:G, "") -> ambiental
A12: 2.1 RP9 | B12: {=IFERROR( IF(INDEX([1]Extraídas!B:B,MATCH(LEFT($A12,6)&"*",[1]Extraídas!A:A,0))="Extraídas", "✅ En proceso", IF(INDEX([1]Extraídas!B:B,MATCH(LEFT($A12,6)&"*",[1]Extraídas!A:A,0))="Recibidas", "⏳ Pendiente","❌ No ingresada")), "❌ No ingresada" )} -> ✅ En proceso | C12: {=IFERROR( IF(INDEX([1]PCRs!B:B,MATCH(LEFT($A12,6)&"*",[1]PCRs!A:A,0))="Positivo", "✅ Positivo", IF(INDEX([1]PCRs!B:B,MATCH(LEFT($A12,6)&"*",[1]PCRs!A:A,0))="Negativo", "❌ Negativo", "⏳ No realizado")), "⏳ No realizado" )} -> ⏳ No realizado | D12: =IFERROR( CHOOSE( MATCH(VLOOKUP(LEFT(A59,6)&"*",'Identificación genética'!A:C,2,FALSE), {"En proceso";"Finalizado"},0), "🔬 En proceso", "🎯 Finalizado" ), "❌ NA") -> ❌ NA | E12: Algasal | F12: 45946 | G12: =_xlfn.XLOOKUP(A12, Extraídas!A:A, Extraídas!G:G, "") -> MACROALGAS
A13: 2.1_MARZO_ALGASAL | B13: =IFERROR( IF(INDEX(Extraídas!B:B,MATCH(LEFT($A13,6)&"*",Extraídas!A:A,0))="Extraídas", "✅ En proceso", IF(INDEX(Extraídas!B:B,MATCH(LEFT($A13,6)&"*",Extraídas!A:A,0))="Recibidas", "⏳ Pendiente","❌ No ingresada")), "❌ No ingresada" ) -> ✅ En proceso | C13: {=IFERROR( IF(INDEX([1]PCRs!B:B,MATCH(LEFT($A13,6)&"*",[1]PCRs!A:A,0))="Positivo", "✅ Positivo", IF(INDEX([1]PCRs!B:B,MATCH(LEFT($A13,6)&"*",[1]PCRs!A:A,0))="Negativo", "❌ Negativo", "⏳ No realizado")), "⏳ No realizado" )} -> ⏳ No realizado | D13: =IFERROR( CHOOSE( MATCH(VLOOKUP(LEFT(A60,6)&"*",'Identificación genética'!A:C,2,FALSE), {"En proceso";"Finalizado"},0), "🔬 En proceso", "🎯 Finalizado" ), "❌ NA") -> ❌ NA | E13: Algasal | F13: 45756 | G13: =_xlfn.XLOOKUP(A13, Extraídas!A:A, Extraídas!G:G, "") -> Macroalgas
A14: 2.2 RP9 | B14: {=IFERROR( IF(INDEX([1]Extraídas!B:B,MATCH(LEFT($A14,6)&"*",[1]Extraídas!A:A,0))="Extraídas", "✅ En proceso", IF(INDEX([1]Extraídas!B:B,MATCH(LEFT($A14,6)&"*",[1]Extraídas!A:A,0))="Recibidas", "⏳ Pendiente","❌ No ingresada")), "❌ No ingresada" )} -> ✅ En proceso | C14: {=IFERROR( IF(INDEX([1]PCRs!B:B,MATCH(LEFT($A14,6)&"*",[1]PCRs!A:A,0))="Positivo", "✅ Positivo", IF(INDEX([1]PCRs!B:B,MATCH(LEFT($A14,6)&"*",[1]PCRs!A:A,0))="Negativo", "❌ Negativo", "⏳ No realizado")), "⏳ No realizado" )} -> ⏳ No realizado | D14: =IFERROR( CHOOSE( MATCH(VLOOKUP(LEFT(A61,6)&"*",'Identificación genética'!A:C,2,FALSE), {"En proceso";"Finalizado"},0), "🔬 En proceso", "🎯 Finalizado" ), "❌ NA") -> ❌ NA | E14: Algasal | F14: 45946 | G14: =_xlfn.XLOOKUP(A14, Extraídas!A:A, Extraídas!G:G, "") -> MACROALGAS
A15: 2.2_MARZO_ALGASAL | B15: {=IFERROR( IF(INDEX([1]Extraídas!B:B,MATCH(LEFT($A15,6)&"*",[1]Extraídas!A:A,0))="Extraídas", "✅ En proceso", IF(INDEX([1]Extraídas!B:B,MATCH(LEFT($A15,6)&"*",[1]Extraídas!A:A,0))="Recibidas", "⏳ Pendiente","❌ No ingresada")), "❌ No ingresada" )} -> ✅ En proceso | C15: {=IFERROR( IF(INDEX([1]PCRs!B:B,MATCH(LEFT($A15,6)&"*",[1]PCRs!A:A,0))="Positivo", "✅ Positivo", IF(INDEX([1]PCRs!B:B,MATCH(LEFT($A15,6)&"*",[1]PCRs!A:A,0))="Negativo", "❌ Negativo", "⏳ No realizado")), "⏳ No realizado" )} -> ❌ Negativo | D15: =IFERROR( CHOOSE( MATCH(VLOOKUP(LEFT(A62,6)&"*",'Identificación genética'!A:C,2,FALSE), {"En proceso";"Finalizado"},0), "🔬 En proceso", "🎯 Finalizado" ), "❌ NA") -> ❌ NA | E15: Algasal | F15: 45756 | G15: =_xlfn.XLOOKUP(A15, Extraídas!A:A, Extraídas!G:G, "") -> Macroalgas
A16: 2.2RP7 | B16: {=IFERROR( IF(INDEX([1]Extraídas!B:B,MATCH(LEFT($A16,6)&"*",[1]Extraídas!A:A,0))="Extraídas", "✅ En proceso", IF(INDEX([1]Extraídas!B:B,MATCH(LEFT($A16,6)&"*",[1]Extraídas!A:A,0))="Recibidas", "⏳ Pendiente","❌ No ingresada")), "❌ No ingresada" )} -> ✅ En proceso | C16: {=IFERROR( IF(INDEX([1]PCRs!B:B,MATCH(LEFT($A16,6)&"*",[1]PCRs!A:A,0))="Positivo", "✅ Positivo", IF(INDEX([1]PCRs!B:B,MATCH(LEFT($A16,6)&"*",[1]PCRs!A:A,0))="Negativo", "❌ Negativo", "⏳ No realizado")), "⏳ No realizado" )} -> ⏳ No realizado | D16: =IFERROR( CHOOSE( MATCH(VLOOKUP(LEFT(A63,6)&"*",'Identificación genética'!A:C,2,FALSE), {"En proceso";"Finalizado"},0), "🔬 En proceso", "🎯 Finalizado" ), "❌ NA") -> ❌ NA | E16: Algasal | F16: 45922 | G16: =_xlfn.XLOOKUP(A16, Extraídas!A:A, Extraídas!G:G, "") -> Macroalgas
A17: 2.3 RP9 | B17: {=IFERROR( IF(INDEX([1]Extraídas!B:B,MATCH(LEFT($A17,6)&"*",[1]Extraídas!A:A,0))="Extraídas", "✅ En proceso", IF(INDEX([1]Extraídas!B:B,MATCH(LEFT($A17,6)&"*",[1]Extraídas!A:A,0))="Recibidas", "⏳ Pendiente","❌ No ingresada")), "❌ No ingresada" )} -> ✅ En proceso | C17: {=IFERROR( IF(INDEX([1]PCRs!B:B,MATCH(LEFT($A17,6)&"*",[1]PCRs!A:A,0))="Positivo", "✅ Positivo", IF(INDEX([1]PCRs!B:B,MATCH(LEFT($A17,6)&"*",[1]PCRs!A:A,0))="Negativo", "❌ Negativo", "⏳ No realizado")), "⏳ No realizado" )} -> ⏳ No realizado | D17: =IFERROR( CHOOSE( MATCH(VLOOKUP(LEFT(A64,6)&"*",'Identificación genética'!A:C,2,FALSE), {"En proceso";"Finalizado"},0), "🔬 En proceso", "🎯 Finalizado" ), "❌ NA") -> ❌ NA | E17: Algasal | F17: 45946 | G17: =_xlfn.XLOOKUP(A17, Extraídas!A:A, Extraídas!G:G, "") -> MACROALGAS
A18: 2.3_MARZO_ALGASAL | B18: {=IFERROR( IF(INDEX([1]Extraídas!B:B,MATCH(LEFT($A18,6)&"*",[1]Extraídas!A:A,0))="Extraídas", "✅ En proceso", IF(INDEX([1]Extraídas!B:B,MATCH(LEFT($A18,6)&"*",[1]Extraídas!A:A,0))="Recibidas", "⏳ Pendiente","❌ No ingresada")), "❌ No ingresada" )} -> ✅ En proceso | C18: {=IFERROR( IF(INDEX([1]PCRs!B:B,MATCH(LEFT($A18,6)&"*",[1]PCRs!A:A,0))="Positivo", "✅ Positivo", IF(INDEX([1]PCRs!B:B,MATCH(LEFT($A18,6)&"*",[1]PCRs!A:A,0))="Negativo", "❌ Negativo", "⏳ No realizado")), "⏳ No realizado" )} -> ❌ Negativo | D18: =IFERROR( CHOOSE( MATCH(VLOOKUP(LEFT(A65,6)&"*",'Identificación genética'!A:C,2,FALSE), {"En proceso";"Finalizado"},0), "🔬 En proceso", "🎯 Finalizado" ), "❌ NA") -> ❌ NA | E18: Algasal | F18: 45756 | G18: =_xlfn.XLOOKUP(A18, Extraídas!A:A, Extraídas!G:G, "") -> Macroalgas
A19: 2.3RP7 | B19: {=IFERROR( IF(INDEX([1]Extraídas!B:B,MATCH(LEFT($A19,6)&"*",[1]Extraídas!A:A,0))="Extraídas", "✅ En proceso", IF(INDEX([1]Extraídas!B:B,MATCH(LEFT($A19,6)&"*",[1]Extraídas!A:A,0))="Recibidas", "⏳ Pendiente","❌ No ingresada")), "❌ No ingresada" )} -> ✅ En proceso | C19: {=IFERROR( IF(INDEX([1]PCRs!B:B,MATCH(LEFT($A19,6)&"*",[1]PCRs!A:A,0))="Positivo", "✅ Positivo", IF(INDEX([1]PCRs!B:B,MATCH(LEFT($A19,6)&"*",[1]PCRs!A:A,0))="Negativo", "❌ Negativo", "⏳ No realizado")), "⏳ No realizado" )} -> ⏳ No realizado | D19: =IFERROR( CHOOSE( MATCH(VLOOKUP(LEFT(A66,6)&"*",'Identificación genética'!A:C,2,FALSE), {"En proceso";"Finalizado"},0), "🔬 En proceso", "🎯 Finalizado" ), "❌ NA") -> ❌ NA | E19: Algasal | F19: 45922 | G19: =_xlfn.XLOOKUP(A19, Extraídas!A:A, Extraídas!G:G, "") -> Macroalgas
A20: 2.4 RP9 | B20: {=IFERROR( IF(INDEX([1]Extraídas!B:B,MATCH(LEFT($A20,6)&"*",[1]Extraídas!A:A,0))="Extraídas", "✅ En proceso", IF(INDEX([1]Extraídas!B:B,MATCH(LEFT($A20,6)&"*",[1]Extraídas!A:A,0))="Recibidas", "⏳ Pendiente","❌ No ingresada")), "❌ No ingresada" )} -> ✅ En proceso | C20: {=IFERROR( IF(INDEX([1]PCRs!B:B,MATCH(LEFT($A20,6)&"*",[1]PCRs!A:A,0))="Positivo", "✅ Positivo", IF(INDEX([1]PCRs!B:B,MATCH(LEFT($A20,6)&"*",[1]PCRs!A:A,0))="Negativo", "❌ Negativo", "⏳ No realizado")), "⏳ No realizado" )} -> ⏳ No realizado | D20: =IFERROR( CHOOSE( MATCH(VLOOKUP(LEFT(A67,6)&"*",'Identificación genética'!A:C,2,FALSE), {"En proceso";"Finalizado"},0), "🔬 En proceso", "🎯 Finalizado" ), "❌ NA") -> ❌ NA | E20: Algasal | F20: 45946 | G20: =_xlfn.XLOOKUP(A20, Extraídas!A:A, Extraídas!G:G, "") -> MACROALGAS
A21: 2.4RP7 | B21: {=IFERROR( IF(INDEX([1]Extraídas!B:B,MATCH(LEFT($A21,6)&"*",[1]Extraídas!A:A,0))="Extraídas", "✅ En proceso", IF(INDEX([1]Extraídas!B:B,MATCH(LEFT($A21,6)&"*",[1]Extraídas!A:A,0))="Recibidas", "⏳ Pendiente","❌ No ingresada")), "❌ No ingresada" )} -> ✅ En proceso | C21: {=IFERROR( IF(INDEX([1]PCRs!B:B,MATCH(LEFT($A21,6)&"*",[1]PCRs!A:A,0))="Positivo", "✅ Positivo", IF(INDEX([1]PCRs!B:B,MATCH(LEFT($A21,6)&"*",[1]PCRs!A:A,0))="Negativo", "❌ Negativo", "⏳ No realizado")), "⏳ No realizado" )} -> ⏳ No realizado | D21: =IFERROR( CHOOSE( MATCH(VLOOKUP(LEFT(A68,6)&"*",'Identificación genética'!A:C,2,FALSE), {"En proceso";"Finalizado"},0), "🔬 En proceso", "🎯 Finalizado" ), "❌ NA") -> ❌ NA | E21: Algasal | F21: 45922 | G21: =_xlfn.XLOOKUP(A21, Extraídas!A:A, Extraídas!G:G, "") -> Macroalgas
A22: 2.5RP7 | B22: {=IFERROR( IF(INDEX([1]Extraídas!B:B,MATCH(LEFT($A22,6)&"*",[1]Extraídas!A:A,0))="Extraídas", "✅ En proceso", IF(INDEX([1]Extraídas!B:B,MATCH(LEFT($A22,6)&"*",[1]Extraídas!A:A,0))="Recibidas", "⏳ Pendiente","❌ No ingresada")), "❌ No ingresada" )} -> ✅ En proceso | C22: {=IFERROR( IF(INDEX([1]PCRs!B:B,MATCH(LEFT($A22,6)&"*",[1]PCRs!A:A,0))="Positivo", "✅ Positivo", IF(INDEX([1]PCRs!B:B,MATCH(LEFT($A22,6)&"*",[1]PCRs!A:A,0))="Negativo", "❌ Negativo", "⏳ No realizado")), "⏳ No realizado" )} -> ⏳ No realizado | D22: =IFERROR( CHOOSE( MATCH(VLOOKUP(LEFT(A69,6)&"*",'Identificación genética'!A:C,2,FALSE), {"En proceso";"Finalizado"},0), "🔬 En proceso", "🎯 Finalizado" ), "❌ NA") -> ❌ NA | E22: Algasal | F22: 45922 | G22: =_xlfn.XLOOKUP(A22, Extraídas!A:A, Extraídas!G:G, "") -> Macroalgas
A23: 3.1 RP9 | B23: {=IFERROR( IF(INDEX([1]Extraídas!B:B,MATCH(LEFT($A23,6)&"*",[1]Extraídas!A:A,0))="Extraídas", "✅ En proceso", IF(INDEX([1]Extraídas!B:B,MATCH(LEFT($A23,6)&"*",[1]Extraídas!A:A,0))="Recibidas", "⏳ Pendiente","❌ No ingresada")), "❌ No ingresada" )} -> ✅ En proceso | C23: {=IFERROR( IF(INDEX([1]PCRs!B:B,MATCH(LEFT($A23,6)&"*",[1]PCRs!A:A,0))="Positivo", "✅ Positivo", IF(INDEX([1]PCRs!B:B,MATCH(LEFT($A23,6)&"*",[1]PCRs!A:A,0))="Negativo", "❌ Negativo", "⏳ No realizado")), "⏳ No realizado" )} -> ⏳ No realizado | D23: =IFERROR( CHOOSE( MATCH(VLOOKUP(LEFT(A70,6)&"*",'Identificación genética'!A:C,2,FALSE), {"En proceso";"Finalizado"},0), "🔬 En proceso", "🎯 Finalizado" ), "❌ NA") -> ❌ NA | E23: Algasal | F23: 45946 | G23: =_xlfn.XLOOKUP(A23, Extraídas!A:A, Extraídas!G:G, "") -> MACROALGAS
A24: 3.1_MARZO_ALGASAL | B24: {=IFERROR( IF(INDEX([1]Extraídas!B:B,MATCH(LEFT($A24,6)&"*",[1]Extraídas!A:A,0))="Extraídas", "✅ En proceso", IF(INDEX([1]Extraídas!B:B,MATCH(LEFT($A24,6)&"*",[1]Extraídas!A:A,0))="Recibidas", "⏳ Pendiente","❌ No ingresada")), "❌ No ingresada" )} -> ✅ En proceso | C24: {=IFERROR( IF(INDEX([1]PCRs!B:B,MATCH(LEFT($A24,6)&"*",[1]PCRs!A:A,0))="Positivo", "✅ Positivo", IF(INDEX([1]PCRs!B:B,MATCH(LEFT($A24,6)&"*",[1]PCRs!A:A,0))="Negativo", "❌ Negativo", "⏳ No realizado")), "⏳ No realizado" )} -> ❌ Negativo | D24: =IFERROR( CHOOSE( MATCH(VLOOKUP(LEFT(A71,6)&"*",'Identificación genética'!A:C,2,FALSE), {"En proceso";"Finalizado"},0), "🔬 En proceso", "🎯 Finalizado" ), "❌ NA") -> ❌ NA | E24: Algasal | F24: 45756 | G24: =_xlfn.XLOOKUP(A24, Extraídas!A:A, Extraídas!G:G, "") -> Macroalgas
A25: 3.2 RP9 | B25: {=IFERROR( IF(INDEX([1]Extraídas!B:B,MATCH(LEFT($A25,6)&"*",[1]Extraídas!A:A,0))="Extraídas", "✅ En proceso", IF(INDEX([1]Extraídas!B:B,MATCH(LEFT($A25,6)&"*",[1]Extraídas!A:A,0))="Recibidas", "⏳ Pendiente","❌ No ingresada")), "❌ No ingresada" )} -> ✅ En proceso | C25: {=IFERROR( IF(INDEX([1]PCRs!B:B,MATCH(LEFT($A25,6)&"*",[1]PCRs!A:A,0))="Positivo", "✅ Positivo", IF(INDEX([1]PCRs!B:B,MATCH(LEFT($A25,6)&"*",[1]PCRs!A:A,0))="Negativo", "❌ Negativo", "⏳ No realizado")), "⏳ No realizado" )} -> ⏳ No realizado | D25: =IFERROR( CHOOSE( MATCH(VLOOKUP(LEFT(A72,6)&"*",'Identificación genética'!A:C,2,FALSE), {"En proceso";"Finalizado"},0), "🔬 En proceso", "🎯 Finalizado" ), "❌ NA") -> ❌ NA | E25: CALYPSO | F25: 45946 | G25: =_xlfn.XLOOKUP(A25, Extraídas!A:A, Extraídas!G:G, "") -> MACROALGAS
... A32: 3.6RP7 | B32: {=IFERROR( IF(INDEX([1]Extraídas!B:B,MATCH(LEFT($A32,6)&"*",[1]Extraídas!A:A,0))="Extraídas", "✅ En proceso", IF(INDEX([1]Extraídas!B:B,MATCH(LEFT($A32,6)&"*",[1]Extraídas!A:A,0))="Recibidas", "⏳ Pendiente","❌ No ingresada")), "❌ No ingresada" )} -> ✅ En proceso | C32: {=IFERROR( IF(INDEX([1]PCRs!B:B,MATCH(LEFT($A32,6)&"*",[1]PCRs!A:A,0))="Positivo", "✅ Positivo", IF(INDEX([1]PCRs!B:B,MATCH(LEFT($A32,6)&"*",[1]PCRs!A:A,0))="Negativo", "❌ Negativo", "⏳ No realizado")), "⏳ No realizado" )} -> ⏳ No realizado | D32: =IFERROR( CHOOSE( MATCH(VLOOKUP(LEFT(A79,6)&"*",'Identificación genética'!A:C,2,FALSE), {"En proceso";"Finalizado"},0), "🔬 En proceso", "🎯 Finalizado" ), "❌ NA") -> ❌ NA | E32: CALYPSO | F32: 45922 | G32: =_xlfn.XLOOKUP(A32, Extraídas!A:A, Extraídas!G:G, "") -> Macroalgas
A33: A1.1_EUKA | B33: =IFERROR( IF(INDEX(Extraídas!B:B,MATCH(LEFT($A33,6)&"*",Extraídas!A:A,0))="Extraídas", "✅ En proceso", IF(INDEX(Extraídas!B:B,MATCH(LEFT($A33,6)&"*",Extraídas!A:A,0))="Recibidas", "⏳ Pendiente","❌ No ingresada")), "❌ No ingresada" ) -> ✅ En proceso | C33: {=IFERROR( IF(INDEX([1]PCRs!B:B,MATCH(LEFT($A33,6)&"*",[1]PCRs!A:A,0))="Positivo", "✅ Positivo", IF(INDEX([1]PCRs!B:B,MATCH(LEFT($A33,6)&"*",[1]PCRs!A:A,0))="Negativo", "❌ Negativo", "⏳ No realizado")), "⏳ No realizado" )} -> ✅ Positivo | D33: =IFERROR( CHOOSE( MATCH(VLOOKUP(LEFT(A80,6)&"*",'Identificación genética'!A:C,2,FALSE), {"En proceso";"Finalizado"},0), "🔬 En proceso", "🎯 Finalizado" ), "❌ NA") -> ❌ NA | E33: CALYPSO | F33: 45756 | G33: =_xlfn.XLOOKUP(A33, Extraídas!A:A, Extraídas!G:G, "") -> Macroalgas
A34: A1.2_EUKA | B34: =IFERROR( IF(INDEX(Extraídas!B:B,MATCH(LEFT($A34,6)&"*",Extraídas!A:A,0))="Extraídas", "✅ En proceso", IF(INDEX(Extraídas!B:B,MATCH(LEFT($A34,6)&"*",Extraídas!A:A,0))="Recibidas", "⏳ Pendiente","❌ No ingresada")), "❌ No ingresada" ) -> ✅ En proceso | C34: {=IFERROR( IF(INDEX([1]PCRs!B:B,MATCH(LEFT($A34,6)&"*",[1]PCRs!A:A,0))="Positivo", "✅ Positivo", IF(INDEX([1]PCRs!B:B,MATCH(LEFT($A34,6)&"*",[1]PCRs!A:A,0))="Negativo", "❌ Negativo", "⏳ No realizado")), "⏳ No realizado" )} -> ✅ Positivo | D34: =IFERROR( CHOOSE( MATCH(VLOOKUP(LEFT(A81,6)&"*",'Identificación genética'!A:C,2,FALSE), {"En proceso";"Finalizado"},0), "🔬 En proceso", "🎯 Finalizado" ), "❌ NA") -> ❌ NA | E34: CALYPSO | F34: 45756 | G34: =_xlfn.XLOOKUP(A34, Extraídas!A:A, Extraídas!G:G, "") -> Macroalgas
A35: A1.3_EUKA | B35: =IFERROR( IF(INDEX(Extraídas!B:B,MATCH(LEFT($A35,6)&"*",Extraídas!A:A,0))="Extraídas", "✅ En proceso", IF(INDEX(Extraídas!B:B,MATCH(LEFT($A35,6)&"*",Extraídas!A:A,0))="Recibidas", "⏳ Pendiente","❌ No ingresada")), "❌ No ingresada" ) -> ✅ En proceso | C35: {=IFERROR( IF(INDEX([1]PCRs!B:B,MATCH(LEFT($A35,6)&"*",[1]PCRs!A:A,0))="Positivo", "✅ Positivo", IF(INDEX([1]PCRs!B:B,MATCH(LEFT($A35,6)&"*",[1]PCRs!A:A,0))="Negativo", "❌ Negativo", "⏳ No realizado")), "⏳ No realizado" )} -> ✅ Positivo | D35: =IFERROR( CHOOSE( MATCH(VLOOKUP(LEFT(A82,6)&"*",'Identificación genética'!A:C,2,FALSE), {"En proceso";"Finalizado"},0), "🔬 En proceso", "🎯 Finalizado" ), "❌ NA") -> ❌ NA | E35: CALYPSO | F35: 45756 | G35: =_xlfn.XLOOKUP(A35, Extraídas!A:A, Extraídas!G:G, "") -> Macroalgas
A36: A2.1_EUKA | B36: =IFERROR( IF(INDEX(Extraídas!B:B,MATCH(LEFT($A36,6)&"*",Extraídas!A:A,0))="Extraídas", "✅ En proceso", IF(INDEX(Extraídas!B:B,MATCH(LEFT($A36,6)&"*",Extraídas!A:A,0))="Recibidas", "⏳ Pendiente","❌ No ingresada")), "❌ No ingresada" ) -> ✅ En proceso | C36: {=IFERROR( IF(INDEX([1]PCRs!B:B,MATCH(LEFT($A36,6)&"*",[1]PCRs!A:A,0))="Positivo", "✅ Positivo", IF(INDEX([1]PCRs!B:B,MATCH(LEFT($A36,6)&"*",[1]PCRs!A:A,0))="Negativo", "❌ Negativo", "⏳ No realizado")), "⏳ No realizado" )} -> ✅ Positivo | D36: =IFERROR( CHOOSE( MATCH(VLOOKUP(LEFT(A83,6)&"*",'Identificación genética'!A:C,2,FALSE), {"En proceso";"Finalizado"},0), "🔬 En proceso", "🎯 Finalizado" ), "❌ NA") -> ❌ NA | E36: CALYPSO | F36: 45756 | G36: =_xlfn.XLOOKUP(A36, Extraídas!A:A, Extraídas!G:G, "") -> Macroalgas
A37: A2.2_EUKA | B37: =IFERROR( IF(INDEX(Extraídas!B:B,MATCH(LEFT($A37,6)&"*",Extraídas!A:A,0))="Extraídas", "✅ En proceso", IF(INDEX(Extraídas!B:B,MATCH(LEFT($A37,6)&"*",Extraídas!A:A,0))="Recibidas", "⏳ Pendiente","❌ No ingresada")), "❌ No ingresada" ) -> ✅ En proceso | C37: {=IFERROR( IF(INDEX([1]PCRs!B:B,MATCH(LEFT($A37,6)&"*",[1]PCRs!A:A,0))="Positivo", "✅ Positivo", IF(INDEX([1]PCRs!B:B,MATCH(LEFT($A37,6)&"*",[1]PCRs!A:A,0))="Negativo", "❌ Negativo", "⏳ No realizado")), "⏳ No realizado" )} -> ❌ Negativo | D37: =IFERROR( CHOOSE( MATCH(VLOOKUP(LEFT(A84,6)&"*",'Identificación genética'!A:C,2,FALSE), {"En proceso";"Finalizado"},0), "🔬 En proceso", "🎯 Finalizado" ), "❌ NA") -> ❌ NA | E37: CALYPSO | F37: 45756 | G37: =_xlfn.XLOOKUP(A37, Extraídas!A:A, Extraídas!G:G, "") -> Macroalgas
A38: A3.1_EUKA | B38: =IFERROR( IF(INDEX(Extraídas!B:B,MATCH(LEFT($A38,6)&"*",Extraídas!A:A,0))="Extraídas", "✅ En proceso", IF(INDEX(Extraídas!B:B,MATCH(LEFT($A38,6)&"*",Extraídas!A:A,0))="Recibidas", "⏳ Pendiente","❌ No ingresada")), "❌ No ingresada" ) -> ✅ En proceso | C38: {=IFERROR( IF(INDEX([1]PCRs!B:B,MATCH(LEFT($A38,6)&"*",[1]PCRs!A:A,0))="Positivo", "✅ Positivo", IF(INDEX([1]PCRs!B:B,MATCH(LEFT($A38,6)&"*",[1]PCRs!A:A,0))="Negativo", "❌ Negativo", "⏳ No realizado")), "⏳ No realizado" )} -> ❌ Negativo | D38: =IFERROR( CHOOSE( MATCH(VLOOKUP(LEFT(A85,6)&"*",'Identificación genética'!A:C,2,FALSE), {"En proceso";"Finalizado"},0), "🔬 En proceso", "🎯 Finalizado" ), "❌ NA") -> ❌ NA | E38: CALYPSO | F38: 45756 | G38: =_xlfn.XLOOKUP(A38, Extraídas!A:A, Extraídas!G:G, "") -> Macroalgas
A39: A3.2_EUKA | B39: =IFERROR( IF(INDEX(Extraídas!B:B,MATCH(LEFT($A39,6)&"*",Extraídas!A:A,0))="Extraídas", "✅ En proceso", IF(INDEX(Extraídas!B:B,MATCH(LEFT($A39,6)&"*",Extraídas!A:A,0))="Recibidas", "⏳ Pendiente","❌ No ingresada")), "❌ No ingresada" ) -> ✅ En proceso | C39: {=IFERROR( IF(INDEX([1]PCRs!B:B,MATCH(LEFT($A39,6)&"*",[1]PCRs!A:A,0))="Positivo", "✅ Positivo", IF(INDEX([1]PCRs!B:B,MATCH(LEFT($A39,6)&"*",[1]PCRs!A:A,0))="Negativo", "❌ Negativo", "⏳ No realizado")), "⏳ No realizado" )} -> ✅ Positivo | D39: =IFERROR( CHOOSE( MATCH(VLOOKUP(LEFT(A86,6)&"*",'Identificación genética'!A:C,2,FALSE), {"En proceso";"Finalizado"},0), "🔬 En proceso", "🎯 Finalizado" ), "❌ NA") -> ❌ NA | E39: CALYPSO | F39: 45756 | G39: =_xlfn.XLOOKUP(A39, Extraídas!A:A, Extraídas!G:G, "") -> Macroalgas
A40: Agüimes 1 | B40: {=IFERROR( IF(INDEX([1]Extraídas!B:B,MATCH(LEFT($A40,6)&"*",[1]Extraídas!A:A,0))="Extraídas", "✅ En proceso", IF(INDEX([1]Extraídas!B:B,MATCH(LEFT($A40,6)&"*",[1]Extraídas!A:A,0))="Recibidas", "⏳ Pendiente","❌ No ingresada")), "❌ No ingresada" )} -> ✅ En proceso | C40: {=IFERROR( IF(INDEX([1]PCRs!B:B,MATCH(LEFT($A40,6)&"*",[1]PCRs!A:A,0))="Positivo", "✅ Positivo", IF(INDEX([1]PCRs!B:B,MATCH(LEFT($A40,6)&"*",[1]PCRs!A:A,0))="Negativo", "❌ Negativo", "⏳ No realizado")), "⏳ No realizado" )} -> ⏳ No realizado | D40: =IFERROR( CHOOSE( MATCH(VLOOKUP(LEFT(A87,6)&"*",'Identificación genética'!A:C,2,FALSE), {"En proceso";"Finalizado"},0), "🔬 En proceso", "🎯 Finalizado" ), "❌ NA") -> ❌ NA | E40: CALYPSO | F40: 45947 | G40: =_xlfn.XLOOKUP(A40, Extraídas!A:A, Extraídas!G:G, "") -> ambiental
A41: Agüimes 2 | B41: {=IFERROR( IF(INDEX([1]Extraídas!B:B,MATCH(LEFT($A41,6)&"*",[1]Extraídas!A:A,0))="Extraídas", "✅ En proceso", IF(INDEX([1]Extraídas!B:B,MATCH(LEFT($A41,6)&"*",[1]Extraídas!A:A,0))="Recibidas", "⏳ Pendiente","❌ No ingresada")), "❌ No ingresada" )} -> ✅ En proceso | C41: {=IFERROR( IF(INDEX([1]PCRs!B:B,MATCH(LEFT($A41,6)&"*",[1]PCRs!A:A,0))="Positivo", "✅ Positivo", IF(INDEX([1]PCRs!B:B,MATCH(LEFT($A41,6)&"*",[1]PCRs!A:A,0))="Negativo", "❌ Negativo", "⏳ No realizado")), "⏳ No realizado" )} -> ⏳ No realizado | D41: =IFERROR( CHOOSE( MATCH(VLOOKUP(LEFT(A88,6)&"*",'Identificación genética'!A:C,2,FALSE), {"En proceso";"Finalizado"},0), "🔬 En proceso", "🎯 Finalizado" ), "❌ NA") -> ❌ NA | E41: CALYPSO | F41: 45947 | G41: =_xlfn.XLOOKUP(A41, Extraídas!A:A, Extraídas!G:G, "") -> ambiental
A42: Agüimes 3 | B42: {=IFERROR( IF(INDEX([1]Extraídas!B:B,MATCH(LEFT($A42,6)&"*",[1]Extraídas!A:A,0))="Extraídas", "✅ En proceso", IF(INDEX([1]Extraídas!B:B,MATCH(LEFT($A42,6)&"*",[1]Extraídas!A:A,0))="Recibidas", "⏳ Pendiente","❌ No ingresada")), "❌ No ingresada" )} -> ✅ En proceso | C42: {=IFERROR( IF(INDEX([1]PCRs!B:B,MATCH(LEFT($A42,6)&"*",[1]PCRs!A:A,0))="Positivo", "✅ Positivo", IF(INDEX([1]PCRs!B:B,MATCH(LEFT($A42,6)&"*",[1]PCRs!A:A,0))="Negativo", "❌ Negativo", "⏳ No realizado")), "⏳ No realizado" )} -> ⏳ No realizado | D42: =IFERROR( CHOOSE( MATCH(VLOOKUP(LEFT(A89,6)&"*",'Identificación genética'!A:C,2,FALSE), {"En proceso";"Finalizado"},0), "🔬 En proceso", "🎯 Finalizado" ), "❌ NA") -> ❌ NA | E42: CALYPSO | F42: 45947 | G42: =_xlfn.XLOOKUP(A42, Extraídas!A:A, Extraídas!G:G, "") -> ambiental
A43: AH1A10_EUKB | B43: =IFERROR( IF(INDEX(Extraídas!B:B,MATCH(LEFT($A43,6)&"*",Extraídas!A:A,0))="Extraídas", "✅ En proceso", IF(INDEX(Extraídas!B:B,MATCH(LEFT($A43,6)&"*",Extraídas!A:A,0))="Recibidas", "⏳ Pendiente","❌ No ingresada")), "❌ No ingresada" ) -> ✅ En proceso | C43: {=IFERROR( IF(INDEX([1]PCRs!B:B,MATCH(LEFT($A43,6)&"*",[1]PCRs!A:A,0))="Positivo", "✅ Positivo", IF(INDEX([1]PCRs!B:B,MATCH(LEFT($A43,6)&"*",[1]PCRs!A:A,0))="Negativo", "❌ Negativo", "⏳ No realizado")), "⏳ No realizado" )} -> ✅ Positivo | D43: =IFERROR( CHOOSE( MATCH(VLOOKUP(LEFT(A90,6)&"*",'Identificación genética'!A:C,2,FALSE), {"En proceso";"Finalizado"},0), "🔬 En proceso", "🎯 Finalizado" ), "❌ NA") -> ❌ NA | E43: CALYPSO | F43: 45756 | G43: =_xlfn.XLOOKUP(A43, Extraídas!A:A, Extraídas!G:G, "") -> Microalgas
A44: AH1H12_EUKA | B44: =IFERROR( IF(INDEX(Extraídas!B:B,MATCH(LEFT($A44,6)&"*",Extraídas!A:A,0))="Extraídas", "✅ En proceso", IF(INDEX(Extraídas!B:B,MATCH(LEFT($A44,6)&"*",Extraídas!A:A,0))="Recibidas", "⏳ Pendiente","❌ No ingresada")), "❌ No ingresada" ) -> ✅ En proceso | C44: {=IFERROR( IF(INDEX([1]PCRs!B:B,MATCH(LEFT($A44,6)&"*",[1]PCRs!A:A,0))="Positivo", "✅ Positivo", IF(INDEX([1]PCRs!B:B,MATCH(LEFT($A44,6)&"*",[1]PCRs!A:A,0))="Negativo", "❌ Negativo", "⏳ No realizado")), "⏳ No realizado" )} -> ✅ Positivo | D44: =IFERROR( CHOOSE( MATCH(VLOOKUP(LEFT(A91,6)&"*",'Identificación genética'!A:C,2,FALSE), {"En proceso";"Finalizado"},0), "🔬 En proceso", "🎯 Finalizado" ), "❌ NA") -> ❌ NA | E44: CALYPSO | F44: 45756 | G44: =_xlfn.XLOOKUP(A44, Extraídas!A:A, Extraídas!G:G, "") -> Microalgas
A45: AL1_DS | B45: {=IFERROR( IF(INDEX([1]Extraídas!B:B,MATCH(LEFT($A45,6)&"*",[1]Extraídas!A:A,0))="Extraídas", "✅ En proceso", IF(INDEX([1]Extraídas!B:B,MATCH(LEFT($A45,6)&"*",[1]Extraídas!A:A,0))="Recibidas", "⏳ Pendiente","❌ No ingresada")), "❌ No ingresada" )} -> ✅ En proceso | C45: {=IFERROR( IF(INDEX([1]PCRs!B:B,MATCH(LEFT($A45,6)&"*",[1]PCRs!A:A,0))="Positivo", "✅ Positivo", IF(INDEX([1]PCRs!B:B,MATCH(LEFT($A45,6)&"*",[1]PCRs!A:A,0))="Negativo", "❌ Negativo", "⏳ No realizado")), "⏳ No realizado" )} -> ⏳ No realizado | D45: =IFERROR( CHOOSE( MATCH(VLOOKUP(LEFT(A92,6)&"*",'Identificación genética'!A:C,2,FALSE), {"En proceso";"Finalizado"},0), "🔬 En proceso", "🎯 Finalizado" ), "❌ NA") -> ❌ NA | E45: CALYPSO | F45: 45756 | G45: =_xlfn.XLOOKUP(A45, Extraídas!A:A, Extraídas!G:G, "") -> Macroalgas
A46: AL1_EUKA | B46: =IFERROR( IF(INDEX(Extraídas!B:B,MATCH(LEFT($A46,6)&"*",Extraídas!A:A,0))="Extraídas", "✅ En proceso", IF(INDEX(Extraídas!B:B,MATCH(LEFT($A46,6)&"*",Extraídas!A:A,0))="Recibidas", "⏳ Pendiente","❌ No ingresada")), "❌ No ingresada" ) -> ✅ En proceso | C46: {=IFERROR( IF(INDEX([1]PCRs!B:B,MATCH(LEFT($A46,6)&"*",[1]PCRs!A:A,0))="Positivo", "✅ Positivo", IF(INDEX([1]PCRs!B:B,MATCH(LEFT($A46,6)&"*",[1]PCRs!A:A,0))="Negativo", "❌ Negativo", "⏳ No realizado")), "⏳ No realizado" )} -> ✅ Positivo | D46: =IFERROR( CHOOSE( MATCH(VLOOKUP(LEFT(A93,6)&"*",'Identificación genética'!A:C,2,FALSE), {"En proceso";"Finalizado"},0), "🔬 En proceso", "🎯 Finalizado" ), "❌ NA") -> ❌ NA | E46: CALYPSO | F46: 45756 | G46: =_xlfn.XLOOKUP(A46, Extraídas!A:A, Extraídas!G:G, "") -> Macroalgas
A47: AL1_ITS1 | B47: =IFERROR( IF(INDEX(Extraídas!B:B,MATCH(LEFT($A47,6)&"*",Extraídas!A:A,0))="Extraídas", "✅ En proceso", IF(INDEX(Extraídas!B:B,MATCH(LEFT($A47,6)&"*",Extraídas!A:A,0))="Recibidas", "⏳ Pendiente","❌ No ingresada")), "❌ No ingresada" ) -> ✅ En proceso | C47: {=IFERROR( IF(INDEX([1]PCRs!B:B,MATCH(LEFT($A47,6)&"*",[1]PCRs!A:A,0))="Positivo", "✅ Positivo", IF(INDEX([1]PCRs!B:B,MATCH(LEFT($A47,6)&"*",[1]PCRs!A:A,0))="Negativo", "❌ Negativo", "⏳ No realizado")), "⏳ No realizado" )} -> ✅ Positivo | D47: =IFERROR( CHOOSE( MATCH(VLOOKUP(LEFT(A94,6)&"*",'Identificación genética'!A:C,2,FALSE), {"En proceso";"Finalizado"},0), "🔬 En proceso", "🎯 Finalizado" ), "❌ NA") -> ❌ NA | E47: CALYPSO | F47: 45756 | G47: =_xlfn.XLOOKUP(A47, Extraídas!A:A, Extraídas!G:G, "") -> Macroalgas
A48: AL1_rbcLaF | B48: =IFERROR( IF(INDEX(Extraídas!B:B,MATCH(LEFT($A48,6)&"*",Extraídas!A:A,0))="Extraídas", "✅ En proceso", IF(INDEX(Extraídas!B:B,MATCH(LEFT($A48,6)&"*",Extraídas!A:A,0))="Recibidas", "⏳ Pendiente","❌ No ingresada")), "❌ No ingresada" ) -> ✅ En proceso | C48: {=IFERROR( IF(INDEX([1]PCRs!B:B,MATCH(LEFT($A48,6)&"*",[1]PCRs!A:A,0))="Positivo", "✅ Positivo", IF(INDEX([1]PCRs!B:B,MATCH(LEFT($A48,6)&"*",[1]PCRs!A:A,0))="Negativo", "❌ Negativo", "⏳ No realizado")), "⏳ No realizado" )} -> ✅ Positivo | D48: =IFERROR( CHOOSE( MATCH(VLOOKUP(LEFT(A95,6)&"*",'Identificación genética'!A:C,2,FALSE), {"En proceso";"Finalizado"},0), "🔬 En proceso", "🎯 Finalizado" ), "❌ NA") -> ❌ NA | E48: CALYPSO | F48: 45756 | G48: =_xlfn.XLOOKUP(A48, Extraídas!A:A, Extraídas!G:G, "") -> Macroalgas
A49: AL1D_EUKA | B49: =IFERROR( IF(INDEX(Extraídas!B:B,MATCH(LEFT($A49,6)&"*",Extraídas!A:A,0))="Extraídas", "✅ En proceso", IF(INDEX(Extraídas!B:B,MATCH(LEFT($A49,6)&"*",Extraídas!A:A,0))="Recibidas", "⏳ Pendiente","❌ No ingresada")), "❌ No ingresada" ) -> ✅ En proceso | C49: {=IFERROR( IF(INDEX([1]PCRs!B:B,MATCH(LEFT($A49,6)&"*",[1]PCRs!A:A,0))="Positivo", "✅ Positivo", IF(INDEX([1]PCRs!B:B,MATCH(LEFT($A49,6)&"*",[1]PCRs!A:A,0))="Negativo", "❌ Negativo", "⏳ No realizado")), "⏳ No realizado" )} -> ✅ Positivo | D49: =IFERROR( CHOOSE( MATCH(VLOOKUP(LEFT(A96,6)&"*",'Identificación genética'!A:C,2,FALSE), {"En proceso";"Finalizado"},0), "🔬 En proceso", "🎯 Finalizado" ), "❌ NA") -> ❌ NA | E49: CALYPSO | F49: 45756 | G49: =_xlfn.XLOOKUP(A49, Extraídas!A:A, Extraídas!G:G, "") -> Macroalgas
A50: AL2DS | B50: {=IFERROR( IF(INDEX([1]Extraídas!B:B,MATCH(LEFT($A50,6)&"*",[1]Extraídas!A:A,0))="Extraídas", "✅ En proceso", IF(INDEX([1]Extraídas!B:B,MATCH(LEFT($A50,6)&"*",[1]Extraídas!A:A,0))="Recibidas", "⏳ Pendiente","❌ No ingresada")), "❌ No ingresada" )} -> ✅ En proceso | C50: {=IFERROR( IF(INDEX([1]PCRs!B:B,MATCH(LEFT($A50,6)&"*",[1]PCRs!A:A,0))="Positivo", "✅ Positivo", IF(INDEX([1]PCRs!B:B,MATCH(LEFT($A50,6)&"*",[1]PCRs!A:A,0))="Negativo", "❌ Negativo", "⏳ No realizado")), "⏳ No realizado" )} -> ⏳ No realizado | D50: =IFERROR( CHOOSE( MATCH(VLOOKUP(LEFT(A97,6)&"*",'Identificación genética'!A:C,2,FALSE), {"En proceso";"Finalizado"},0), "🔬 En proceso", "🎯 Finalizado" ), "❌ NA") -> ❌ NA | E50: CALYPSO | F50: 45756 | G50: =_xlfn.XLOOKUP(A50, Extraídas!A:A, Extraídas!G:G, "") -> Macroalgas
A51: AL2ULVA | B51: {=IFERROR( IF(INDEX([1]Extraídas!B:B,MATCH(LEFT($A51,6)&"*",[1]Extraídas!A:A,0))="Extraídas", "✅ En proceso", IF(INDEX([1]Extraídas!B:B,MATCH(LEFT($A51,6)&"*",[1]Extraídas!A:A,0))="Recibidas", "⏳ Pendiente","❌ No ingresada")), "❌ No ingresada" )} -> ✅ En proceso | C51: {=IFERROR( IF(INDEX([1]PCRs!B:B,MATCH(LEFT($A51,6)&"*",[1]PCRs!A:A,0))="Positivo", "✅ Positivo", IF(INDEX([1]PCRs!B:B,MATCH(LEFT($A51,6)&"*",[1]PCRs!A:A,0))="Negativo", "❌ Negativo", "⏳ No realizado")), "⏳ No realizado" )} -> ⏳ No realizado | D51: =IFERROR( CHOOSE( MATCH(VLOOKUP(LEFT(A98,6)&"*",'Identificación genética'!A:C,2,FALSE), {"En proceso";"Finalizado"},0), "🔬 En proceso", "🎯 Finalizado" ), "❌ NA") -> ❌ NA | E51: CALYPSO | F51: 45756 | G51: =_xlfn.XLOOKUP(A51, Extraídas!A:A, Extraídas!G:G, "") -> Macroalgas
A52: AL2ULVAX2 | B52: {=IFERROR( IF(INDEX([1]Extraídas!B:B,MATCH(LEFT($A52,6)&"*",[1]Extraídas!A:A,0))="Extraídas", "✅ En proceso", IF(INDEX([1]Extraídas!B:B,MATCH(LEFT($A52,6)&"*",[1]Extraídas!A:A,0))="Recibidas", "⏳ Pendiente","❌ No ingresada")), "❌ No ingresada" )} -> ✅ En proceso | C52: {=IFERROR( IF(INDEX([1]PCRs!B:B,MATCH(LEFT($A52,6)&"*",[1]PCRs!A:A,0))="Positivo", "✅ Positivo", IF(INDEX([1]PCRs!B:B,MATCH(LEFT($A52,6)&"*",[1]PCRs!A:A,0))="Negativo", "❌ Negativo", "⏳ No realizado")), "⏳ No realizado" )} -> ⏳ No realizado | D52: =IFERROR( CHOOSE( MATCH(VLOOKUP(LEFT(A99,6)&"*",'Identificación genética'!A:C,2,FALSE), {"En proceso";"Finalizado"},0), "🔬 En proceso", "🎯 Finalizado" ), "❌ NA") -> ❌ NA | E52: CALYPSO | F52: 45756 | G52: =_xlfn.XLOOKUP(A52, Extraídas!A:A, Extraídas!G:G, "") -> Macroalgas
A53: AL5 A11 | B53: {=IFERROR( IF(INDEX([1]Extraídas!B:B,MATCH(LEFT($A53,6)&"*",[1]Extraídas!A:A,0))="Extraídas", "✅ En proceso", IF(INDEX([1]Extraídas!B:B,MATCH(LEFT($A53,6)&"*",[1]Extraídas!A:A,0))="Recibidas", "⏳ Pendiente","❌ No ingresada")), "❌ No ingresada" )} -> ✅ En proceso | C53: {=IFERROR( IF(INDEX([1]PCRs!B:B,MATCH(LEFT($A53,6)&"*",[1]PCRs!A:A,0))="Positivo", "✅ Positivo", IF(INDEX([1]PCRs!B:B,MATCH(LEFT($A53,6)&"*",[1]PCRs!A:A,0))="Negativo", "❌ Negativo", "⏳ No realizado")), "⏳ No realizado" )} -> ⏳ No realizado | D53: =IFERROR( CHOOSE( MATCH(VLOOKUP(LEFT(A100,6)&"*",'Identificación genética'!A:C,2,FALSE), {"En proceso";"Finalizado"},0), "🔬 En proceso", "🎯 Finalizado" ), "❌ NA") -> ❌ NA | E53: CALYPSO | F53: 45966 | G53: =_xlfn.XLOOKUP(A53, Extraídas!A:A, Extraídas!G:G, "") -> Microalgas
A54: ALGASAL Punto 9 Oct | B54: {=IFERROR( IF(INDEX([1]Extraídas!B:B,MATCH(LEFT($A54,6)&"*",[1]Extraídas!A:A,0))="Extraídas", "✅ En proceso", IF(INDEX([1]Extraídas!B:B,MATCH(LEFT($A54,6)&"*",[1]Extraídas!A:A,0))="Recibidas", "⏳ Pendiente","❌ No ingresada")), "❌ No ingresada" )} -> ✅ En proceso | C54: {=IFERROR( IF(INDEX([1]PCRs!B:B,MATCH(LEFT($A54,6)&"*",[1]PCRs!A:A,0))="Positivo", "✅ Positivo", IF(INDEX([1]PCRs!B:B,MATCH(LEFT($A54,6)&"*",[1]PCRs!A:A,0))="Negativo", "❌ Negativo", "⏳ No realizado")), "⏳ No realizado" )} -> ⏳ No realizado | D54: =IFERROR( CHOOSE( MATCH(VLOOKUP(LEFT(A101,6)&"*",'Identificación genética'!A:C,2,FALSE), {"En proceso";"Finalizado"},0), "🔬 En proceso", "🎯 Finalizado" ), "❌ NA") -> ❌ NA | E54: CALYPSO | F54: 45947 | G54: =_xlfn.XLOOKUP(A54, Extraídas!A:A, Extraídas!G:G, "") -> ambiental
A55: BEA 0018 | B55: {=IFERROR( IF(INDEX([1]Extraídas!B:B,MATCH(LEFT($A55,6)&"*",[1]Extraídas!A:A,0))="Extraídas", "✅ En proceso", IF(INDEX([1]Extraídas!B:B,MATCH(LEFT($A55,6)&"*",[1]Extraídas!A:A,0))="Recibidas", "⏳ Pendiente","❌ No ingresada")), "❌ No ingresada" )} -> ✅ En proceso | C55: {=IFERROR( IF(INDEX([1]PCRs!B:B,MATCH(LEFT($A55,6)&"*",[1]PCRs!A:A,0))="Positivo", "✅ Positivo", IF(INDEX([1]PCRs!B:B,MATCH(LEFT($A55,6)&"*",[1]PCRs!A:A,0))="Negativo", "❌ Negativo", "⏳ No realizado")), "⏳ No realizado" )} -> ⏳ No realizado | D55: =IFERROR( CHOOSE( MATCH(VLOOKUP(LEFT(A102,6)&"*",'Identificación genética'!A:C,2,FALSE), {"En proceso";"Finalizado"},0), "🔬 En proceso", "🎯 Finalizado" ), "❌ NA") -> ❌ NA | E55: CALYPSO | F55: 45957 | G55: =_xlfn.XLOOKUP(A55, Extraídas!A:A, Extraídas!G:G, "") -> Trebouxiophyceae
A56: BEA 0044B | B56: {=IFERROR( IF(INDEX([1]Extraídas!B:B,MATCH(LEFT($A56,6)&"*",[1]Extraídas!A:A,0))="Extraídas", "✅ En proceso", IF(INDEX([1]Extraídas!B:B,MATCH(LEFT($A56,6)&"*",[1]Extraídas!A:A,0))="Recibidas", "⏳ Pendiente","❌ No ingresada")), "❌ No ingresada" )} -> ✅ En proceso | C56: {=IFERROR( IF(INDEX([1]PCRs!B:B,MATCH(LEFT($A56,6)&"*",[1]PCRs!A:A,0))="Positivo", "✅ Positivo", IF(INDEX([1]PCRs!B:B,MATCH(LEFT($A56,6)&"*",[1]PCRs!A:A,0))="Negativo", "❌ Negativo", "⏳ No realizado")), "⏳ No realizado" )} -> ⏳ No realizado | D56: =IFERROR( CHOOSE( MATCH(VLOOKUP(LEFT(A103,6)&"*",'Identificación genética'!A:C,2,FALSE), {"En proceso";"Finalizado"},0), "🔬 En proceso", "🎯 Finalizado" ), "❌ NA") -> ❌ NA | E56: CALYPSO | F56: 46000 | G56: =_xlfn.XLOOKUP(A56, Extraídas!A:A, Extraídas!G:G, "") -> Chlorophyceae
A57: BEA 0061 | B57: {=IFERROR( IF(INDEX([1]Extraídas!B:B,MATCH(LEFT($A57,6)&"*",[1]Extraídas!A:A,0))="Extraídas", "✅ En proceso", IF(INDEX([1]Extraídas!B:B,MATCH(LEFT($A57,6)&"*",[1]Extraídas!A:A,0))="Recibidas", "⏳ Pendiente","❌ No ingresada")), "❌ No ingresada" )} -> ✅ En proceso | C57: {=IFERROR( IF(INDEX([1]PCRs!B:B,MATCH(LEFT($A57,6)&"*",[1]PCRs!A:A,0))="Positivo", "✅ Positivo", IF(INDEX([1]PCRs!B:B,MATCH(LEFT($A57,6)&"*",[1]PCRs!A:A,0))="Negativo", "❌ Negativo", "⏳ No realizado")), "⏳ No realizado" )} -> ⏳ No realizado | D57: =IFERROR( CHOOSE( MATCH(VLOOKUP(LEFT(A104,6)&"*",'Identificación genética'!A:C,2,FALSE), {"En proceso";"Finalizado"},0), "🔬 En proceso", "🎯 Finalizado" ), "❌ NA") -> ❌ NA | E57: CALYPSO | F57: 46000 | G57: =_xlfn.XLOOKUP(A57, Extraídas!A:A, Extraídas!G:G, "") -> Trebouxiophyceae
A58: BEA 0079/1 | B58: {=IFERROR( IF(INDEX([1]Extraídas!B:B,MATCH(LEFT($A58,6)&"*",[1]Extraídas!A:A,0))="Extraídas", "✅ En proceso", IF(INDEX([1]Extraídas!B:B,MATCH(LEFT($A58,6)&"*",[1]Extraídas!A:A,0))="Recibidas", "⏳ Pendiente","❌ No ingresada")), "❌ No ingresada" )} -> ✅ En proceso | C58: {=IFERROR( IF(INDEX([1]PCRs!B:B,MATCH(LEFT($A58,6)&"*",[1]PCRs!A:A,0))="Positivo", "✅ Positivo", IF(INDEX([1]PCRs!B:B,MATCH(LEFT($A58,6)&"*",[1]PCRs!A:A,0))="Negativo", "❌ Negativo", "⏳ No realizado")), "⏳ No realizado" )} -> ⏳ No realizado | D58: =IFERROR( CHOOSE( MATCH(VLOOKUP(LEFT(A105,6)&"*",'Identificación genética'!A:C,2,FALSE), {"En proceso";"Finalizado"},0), "🔬 En proceso", "🎯 Finalizado" ), "❌ NA") -> ❌ NA | E58: CALYPSO | F58: 45957 | G58: =_xlfn.XLOOKUP(A58, Extraídas!A:A, Extraídas!G:G, "") -> Chlorophyceae
A59: BEA 0084/3 2/4 | B59: {=IFERROR( IF(INDEX([1]Extraídas!B:B,MATCH(LEFT($A59,6)&"*",[1]Extraídas!A:A,0))="Extraídas", "✅ En proceso", IF(INDEX([1]Extraídas!B:B,MATCH(LEFT($A59,6)&"*",[1]Extraídas!A:A,0))="Recibidas", "⏳ Pendiente","❌ No ingresada")), "❌ No ingresada" )} -> ✅ En proceso | C59: {=IFERROR( IF(INDEX([1]PCRs!B:B,MATCH(LEFT($A59,6)&"*",[1]PCRs!A:A,0))="Positivo", "✅ Positivo", IF(INDEX([1]PCRs!B:B,MATCH(LEFT($A59,6)&"*",[1]PCRs!A:A,0))="Negativo", "❌ Negativo", "⏳ No realizado")), "⏳ No realizado" )} -> ⏳ No realizado | D59: =IFERROR( CHOOSE( MATCH(VLOOKUP(LEFT(A106,6)&"*",'Identificación genética'!A:C,2,FALSE), {"En proceso";"Finalizado"},0), "🔬 En proceso", "🎯 Finalizado" ), "❌ NA") -> ❌ NA | E59: CALYPSO | F59: 45947 | G59: =_xlfn.XLOOKUP(A59, Extraídas!A:A, Extraídas!G:G, "") -> Cyanobacteria
A60: BEA 0129B | B60: {=IFERROR( IF(INDEX([1]Extraídas!B:B,MATCH(LEFT($A60,6)&"*",[1]Extraídas!A:A,0))="Extraídas", "✅ En proceso", IF(INDEX([1]Extraídas!B:B,MATCH(LEFT($A60,6)&"*",[1]Extraídas!A:A,0))="Recibidas", "⏳ Pendiente","❌ No ingresada")), "❌ No ingresada" )} -> ⏳ Pendiente | C60: {=IFERROR( IF(INDEX([1]PCRs!B:B,MATCH(LEFT($A60,6)&"*",[1]PCRs!A:A,0))="Positivo", "✅ Positivo", IF(INDEX([1]PCRs!B:B,MATCH(LEFT($A60,6)&"*",[1]PCRs!A:A,0))="Negativo", "❌ Negativo", "⏳ No realizado")), "⏳ No realizado" )} -> ⏳ No realizado | D60: =IFERROR( CHOOSE( MATCH(VLOOKUP(LEFT(A107,6)&"*",'Identificación genética'!A:C,2,FALSE), {"En proceso";"Finalizado"},0), "🔬 En proceso", "🎯 Finalizado" ), "❌ NA") -> ❌ NA | E60: CALYPSO | F60: 46000 | G60: =_xlfn.XLOOKUP(A60, Extraídas!A:A, Extraídas!G:G, "") -> Chlorophyceae
A61: BEA 0139 | B61: {=IFERROR( IF(INDEX([1]Extraídas!B:B,MATCH(LEFT($A61,6)&"*",[1]Extraídas!A:A,0))="Extraídas", "✅ En proceso", IF(INDEX([1]Extraídas!B:B,MATCH(LEFT($A61,6)&"*",[1]Extraídas!A:A,0))="Recibidas", "⏳ Pendiente","❌ No ingresada")), "❌ No ingresada" )} -> ⏳ Pendiente | C61: {=IFERROR( IF(INDEX([1]PCRs!B:B,MATCH(LEFT($A61,6)&"*",[1]PCRs!A:A,0))="Positivo", "✅ Positivo", IF(INDEX([1]PCRs!B:B,MATCH(LEFT($A61,6)&"*",[1]PCRs!A:A,0))="Negativo", "❌ Negativo", "⏳ No realizado")), "⏳ No realizado" )} -> ⏳ No realizado | D61: =IFERROR( CHOOSE( MATCH(VLOOKUP(LEFT(A108,6)&"*",'Identificación genética'!A:C,2,FALSE), {"En proceso";"Finalizado"},0), "🔬 En proceso", "🎯 Finalizado" ), "❌ NA") -> ❌ NA | E61: CALYPSO | F61: 46000 | G61: =_xlfn.XLOOKUP(A61, Extraídas!A:A, Extraídas!G:G, "") -> Trebouxiophyceae
... A258: BEA 2187B | B258: {=IFERROR( IF(INDEX([1]Extraídas!B:B,MATCH(LEFT($A258,6)&"*",[1]Extraídas!A:A,0))="Extraídas", "✅ En proceso", IF(INDEX([1]Extraídas!B:B,MATCH(LEFT($A258,6)&"*",[1]Extraídas!A:A,0))="Recibidas", "⏳ Pendiente","❌ No ingresada")), "❌ No ingresada" )} -> ✅ En proceso | C258: {=IFERROR( IF(INDEX([1]PCRs!B:B,MATCH(LEFT($A258,6)&"*",[1]PCRs!A:A,0))="Positivo", "✅ Positivo", IF(INDEX([1]PCRs!B:B,MATCH(LEFT($A258,6)&"*",[1]PCRs!A:A,0))="Negativo", "❌ Negativo", "⏳ No realizado")), "⏳ No realizado" )} -> ⏳ No realizado | D258: =IFERROR( CHOOSE( MATCH(VLOOKUP(LEFT(A305,6)&"*",'Identificación genética'!A:C,2,FALSE), {"En proceso";"Finalizado"},0), "🔬 En proceso", "🎯 Finalizado" ), "❌ NA") -> ❌ NA | E258: CALYPSO | F258: 45940 | G258: =_xlfn.XLOOKUP(A258, Extraídas!A:A, Extraídas!G:G, "") -> Bacillariophyceae
A259: BEA0008 | B259: =IFERROR( IF(INDEX(Extraídas!B:B,MATCH(LEFT($A259,6)&"*",Extraídas!A:A,0))="Extraídas", "✅ En proceso", IF(INDEX(Extraídas!B:B,MATCH(LEFT($A259,6)&"*",Extraídas!A:A,0))="Recibidas", "⏳ Pendiente","❌ No ingresada")), "❌ No ingresada" ) -> ❌ No ingresada | C259: {=IFERROR( IF(INDEX([1]PCRs!B:B,MATCH(LEFT($A259,6)&"*",[1]PCRs!A:A,0))="Positivo", "✅ Positivo", IF(INDEX([1]PCRs!B:B,MATCH(LEFT($A259,6)&"*",[1]PCRs!A:A,0))="Negativo", "❌ Negativo", "⏳ No realizado")), "⏳ No realizado" )} -> ✅ Positivo | D259: =IFERROR( CHOOSE( MATCH(VLOOKUP(LEFT(A306,6)&"*",'Identificación genética'!A:C,2,FALSE), {"En proceso";"Finalizado"},0), "🔬 En proceso", "🎯 Finalizado" ), "❌ NA") -> ❌ NA | E259: CALYPSO | G259: =_xlfn.XLOOKUP(A259, Extraídas!A:A, Extraídas!G:G, "")
A260: BEA0037 | B260: =IFERROR( IF(INDEX(Extraídas!B:B,MATCH(LEFT($A260,6)&"*",Extraídas!A:A,0))="Extraídas", "✅ En proceso", IF(INDEX(Extraídas!B:B,MATCH(LEFT($A260,6)&"*",Extraídas!A:A,0))="Recibidas", "⏳ Pendiente","❌ No ingresada")), "❌ No ingresada" ) -> ✅ En proceso | C260: {=IFERROR( IF(INDEX([1]PCRs!B:B,MATCH(LEFT($A260,6)&"*",[1]PCRs!A:A,0))="Positivo", "✅ Positivo", IF(INDEX([1]PCRs!B:B,MATCH(LEFT($A260,6)&"*",[1]PCRs!A:A,0))="Negativo", "❌ Negativo", "⏳ No realizado")), "⏳ No realizado" )} -> ❌ Negativo | D260: =IFERROR( CHOOSE( MATCH(VLOOKUP(LEFT(A307,6)&"*",'Identificación genética'!A:C,2,FALSE), {"En proceso";"Finalizado"},0), "🔬 En proceso", "🎯 Finalizado" ), "❌ NA") -> ❌ NA | E260: CALYPSO | G260: =_xlfn.XLOOKUP(A260, Extraídas!A:A, Extraídas!G:G, "")
A261: BEA0037a | B261: =IFERROR( IF(INDEX(Extraídas!B:B,MATCH(LEFT($A261,6)&"*",Extraídas!A:A,0))="Extraídas", "✅ En proceso", IF(INDEX(Extraídas!B:B,MATCH(LEFT($A261,6)&"*",Extraídas!A:A,0))="Recibidas", "⏳ Pendiente","❌ No ingresada")), "❌ No ingresada" ) -> ✅ En proceso | C261: {=IFERROR( IF(INDEX([1]PCRs!B:B,MATCH(LEFT($A261,6)&"*",[1]PCRs!A:A,0))="Positivo", "✅ Positivo", IF(INDEX([1]PCRs!B:B,MATCH(LEFT($A261,6)&"*",[1]PCRs!A:A,0))="Negativo", "❌ Negativo", "⏳ No realizado")), "⏳ No realizado" )} -> ❌ Negativo | D261: =IFERROR( CHOOSE( MATCH(VLOOKUP(LEFT(A308,6)&"*",'Identificación genética'!A:C,2,FALSE), {"En proceso";"Finalizado"},0), "🔬 En proceso", "🎯 Finalizado" ), "❌ NA") -> ❌ NA | E261: CALYPSO | F261: 45756 | G261: =_xlfn.XLOOKUP(A261, Extraídas!A:A, Extraídas!G:G, "") -> Cianobacterias
A262: BEA0079/1a | B262: {=IFERROR( IF(INDEX([1]Extraídas!B:B,MATCH(LEFT($A262,6)&"*",[1]Extraídas!A:A,0))="Extraídas", "✅ En proceso", IF(INDEX([1]Extraídas!B:B,MATCH(LEFT($A262,6)&"*",[1]Extraídas!A:A,0))="Recibidas", "⏳ Pendiente","❌ No ingresada")), "❌ No ingresada" )} -> ✅ En proceso | C262: {=IFERROR( IF(INDEX([1]PCRs!B:B,MATCH(LEFT($A262,6)&"*",[1]PCRs!A:A,0))="Positivo", "✅ Positivo", IF(INDEX([1]PCRs!B:B,MATCH(LEFT($A262,6)&"*",[1]PCRs!A:A,0))="Negativo", "❌ Negativo", "⏳ No realizado")), "⏳ No realizado" )} -> ⏳ No realizado | D262: =IFERROR( CHOOSE( MATCH(VLOOKUP(LEFT(A309,6)&"*",'Identificación genética'!A:C,2,FALSE), {"En proceso";"Finalizado"},0), "🔬 En proceso", "🎯 Finalizado" ), "❌ NA") -> ❌ NA | E262: CALYPSO | F262: 45933 | G262: =_xlfn.XLOOKUP(A262, Extraídas!A:A, Extraídas!G:G, "") -> Chlorophyceae
A263: BEA0079/1b | B263: {=IFERROR( IF(INDEX([1]Extraídas!B:B,MATCH(LEFT($A263,6)&"*",[1]Extraídas!A:A,0))="Extraídas", "✅ En proceso", IF(INDEX([1]Extraídas!B:B,MATCH(LEFT($A263,6)&"*",[1]Extraídas!A:A,0))="Recibidas", "⏳ Pendiente","❌ No ingresada")), "❌ No ingresada" )} -> ✅ En proceso | C263: {=IFERROR( IF(INDEX([1]PCRs!B:B,MATCH(LEFT($A263,6)&"*",[1]PCRs!A:A,0))="Positivo", "✅ Positivo", IF(INDEX([1]PCRs!B:B,MATCH(LEFT($A263,6)&"*",[1]PCRs!A:A,0))="Negativo", "❌ Negativo", "⏳ No realizado")), "⏳ No realizado" )} -> ⏳ No realizado | D263: =IFERROR( CHOOSE( MATCH(VLOOKUP(LEFT(A310,6)&"*",'Identificación genética'!A:C,2,FALSE), {"En proceso";"Finalizado"},0), "🔬 En proceso", "🎯 Finalizado" ), "❌ NA") -> ❌ NA | E263: CALYPSO | F263: 45933 | G263: =_xlfn.XLOOKUP(A263, Extraídas!A:A, Extraídas!G:G, "") -> Chlorophyceae
A264: BEA0079/2 | B264: {=IFERROR( IF(INDEX([1]Extraídas!B:B,MATCH(LEFT($A264,6)&"*",[1]Extraídas!A:A,0))="Extraídas", "✅ En proceso", IF(INDEX([1]Extraídas!B:B,MATCH(LEFT($A264,6)&"*",[1]Extraídas!A:A,0))="Recibidas", "⏳ Pendiente","❌ No ingresada")), "❌ No ingresada" )} -> ✅ En proceso | C264: {=IFERROR( IF(INDEX([1]PCRs!B:B,MATCH(LEFT($A264,6)&"*",[1]PCRs!A:A,0))="Positivo", "✅ Positivo", IF(INDEX([1]PCRs!B:B,MATCH(LEFT($A264,6)&"*",[1]PCRs!A:A,0))="Negativo", "❌ Negativo", "⏳ No realizado")), "⏳ No realizado" )} -> ⏳ No realizado | D264: =IFERROR( CHOOSE( MATCH(VLOOKUP(LEFT(A311,6)&"*",'Identificación genética'!A:C,2,FALSE), {"En proceso";"Finalizado"},0), "🔬 En proceso", "🎯 Finalizado" ), "❌ NA") -> ❌ NA | E264: CALYPSO | F264: 45933 | G264: =_xlfn.XLOOKUP(A264, Extraídas!A:A, Extraídas!G:G, "") -> Chlorophyceae
A265: BEA0084a | B265: =IFERROR( IF(INDEX(Extraídas!B:B,MATCH(LEFT($A265,6)&"*",Extraídas!A:A,0))="Extraídas", "✅ En proceso", IF(INDEX(Extraídas!B:B,MATCH(LEFT($A265,6)&"*",Extraídas!A:A,0))="Recibidas", "⏳ Pendiente","❌ No ingresada")), "❌ No ingresada" ) -> ✅ En proceso | C265: {=IFERROR( IF(INDEX([1]PCRs!B:B,MATCH(LEFT($A265,6)&"*",[1]PCRs!A:A,0))="Positivo", "✅ Positivo", IF(INDEX([1]PCRs!B:B,MATCH(LEFT($A265,6)&"*",[1]PCRs!A:A,0))="Negativo", "❌ Negativo", "⏳ No realizado")), "⏳ No realizado" )} -> ❌ Negativo | D265: =IFERROR( CHOOSE( MATCH(VLOOKUP(LEFT(A312,6)&"*",'Identificación genética'!A:C,2,FALSE), {"En proceso";"Finalizado"},0), "🔬 En proceso", "🎯 Finalizado" ), "❌ NA") -> ❌ NA | E265: CALYPSO | F265: 29/09/2025 | G265: =_xlfn.XLOOKUP(A265, Extraídas!A:A, Extraídas!G:G, "") -> Cianobacterias
A266: BEA0084b | B266: =IFERROR( IF(INDEX(Extraídas!B:B,MATCH(LEFT($A266,6)&"*",Extraídas!A:A,0))="Extraídas", "✅ En proceso", IF(INDEX(Extraídas!B:B,MATCH(LEFT($A266,6)&"*",Extraídas!A:A,0))="Recibidas", "⏳ Pendiente","❌ No ingresada")), "❌ No ingresada" ) -> ✅ En proceso | C266: {=IFERROR( IF(INDEX([1]PCRs!B:B,MATCH(LEFT($A266,6)&"*",[1]PCRs!A:A,0))="Positivo", "✅ Positivo", IF(INDEX([1]PCRs!B:B,MATCH(LEFT($A266,6)&"*",[1]PCRs!A:A,0))="Negativo", "❌ Negativo", "⏳ No realizado")), "⏳ No realizado" )} -> ❌ Negativo | D266: =IFERROR( CHOOSE( MATCH(VLOOKUP(LEFT(A313,6)&"*",'Identificación genética'!A:C,2,FALSE), {"En proceso";"Finalizado"},0), "🔬 En proceso", "🎯 Finalizado" ), "❌ NA") -> ❌ NA | E266: CALYPSO | F266: 45922 | G266: =_xlfn.XLOOKUP(A266, Extraídas!A:A, Extraídas!G:G, "") -> Cianobacterias
A267: BEA0088 | B267: =IFERROR( IF(INDEX(Extraídas!B:B,MATCH(LEFT($A267,6)&"*",Extraídas!A:A,0))="Extraídas", "✅ En proceso", IF(INDEX(Extraídas!B:B,MATCH(LEFT($A267,6)&"*",Extraídas!A:A,0))="Recibidas", "⏳ Pendiente","❌ No ingresada")), "❌ No ingresada" ) -> ✅ En proceso | C267: {=IFERROR( IF(INDEX([1]PCRs!B:B,MATCH(LEFT($A267,6)&"*",[1]PCRs!A:A,0))="Positivo", "✅ Positivo", IF(INDEX([1]PCRs!B:B,MATCH(LEFT($A267,6)&"*",[1]PCRs!A:A,0))="Negativo", "❌ Negativo", "⏳ No realizado")), "⏳ No realizado" )} -> ❌ Negativo | D267: =IFERROR( CHOOSE( MATCH(VLOOKUP(LEFT(A314,6)&"*",'Identificación genética'!A:C,2,FALSE), {"En proceso";"Finalizado"},0), "🔬 En proceso", "🎯 Finalizado" ), "❌ NA") -> ❌ NA | E267: CALYPSO | G267: =_xlfn.XLOOKUP(A267, Extraídas!A:A, Extraídas!G:G, "")
A268: BEA0088a | B268: =IFERROR( IF(INDEX(Extraídas!B:B,MATCH(LEFT($A268,6)&"*",Extraídas!A:A,0))="Extraídas", "✅ En proceso", IF(INDEX(Extraídas!B:B,MATCH(LEFT($A268,6)&"*",Extraídas!A:A,0))="Recibidas", "⏳ Pendiente","❌ No ingresada")), "❌ No ingresada" ) -> ✅ En proceso | C268: {=IFERROR( IF(INDEX([1]PCRs!B:B,MATCH(LEFT($A268,6)&"*",[1]PCRs!A:A,0))="Positivo", "✅ Positivo", IF(INDEX([1]PCRs!B:B,MATCH(LEFT($A268,6)&"*",[1]PCRs!A:A,0))="Negativo", "❌ Negativo", "⏳ No realizado")), "⏳ No realizado" )} -> ❌ Negativo | D268: =IFERROR( CHOOSE( MATCH(VLOOKUP(LEFT(A315,6)&"*",'Identificación genética'!A:C,2,FALSE), {"En proceso";"Finalizado"},0), "🔬 En proceso", "🎯 Finalizado" ), "❌ NA") -> 🎯 Finalizado | E268: CALYPSO | F268: 45756 | G268: =_xlfn.XLOOKUP(A268, Extraídas!A:A, Extraídas!G:G, "") -> Cianobacterias
A269: BEA0088b | B269: =IFERROR( IF(INDEX(Extraídas!B:B,MATCH(LEFT($A269,6)&"*",Extraídas!A:A,0))="Extraídas", "✅ En proceso", IF(INDEX(Extraídas!B:B,MATCH(LEFT($A269,6)&"*",Extraídas!A:A,0))="Recibidas", "⏳ Pendiente","❌ No ingresada")), "❌ No ingresada" ) -> ✅ En proceso | C269: {=IFERROR( IF(INDEX([1]PCRs!B:B,MATCH(LEFT($A269,6)&"*",[1]PCRs!A:A,0))="Positivo", "✅ Positivo", IF(INDEX([1]PCRs!B:B,MATCH(LEFT($A269,6)&"*",[1]PCRs!A:A,0))="Negativo", "❌ Negativo", "⏳ No realizado")), "⏳ No realizado" )} -> ❌ Negativo | D269: =IFERROR( CHOOSE( MATCH(VLOOKUP(LEFT(A316,6)&"*",'Identificación genética'!A:C,2,FALSE), {"En proceso";"Finalizado"},0), "🔬 En proceso", "🎯 Finalizado" ), "❌ NA") -> 🎯 Finalizado | E269: CALYPSO | F269: 45763 | G269: =_xlfn.XLOOKUP(A269, Extraídas!A:A, Extraídas!G:G, "") -> Cianobacterias
A270: BEA0088c | B270: =IFERROR( IF(INDEX(Extraídas!B:B,MATCH(LEFT($A270,6)&"*",Extraídas!A:A,0))="Extraídas", "✅ En proceso", IF(INDEX(Extraídas!B:B,MATCH(LEFT($A270,6)&"*",Extraídas!A:A,0))="Recibidas", "⏳ Pendiente","❌ No ingresada")), "❌ No ingresada" ) -> ✅ En proceso | C270: {=IFERROR( IF(INDEX([1]PCRs!B:B,MATCH(LEFT($A270,6)&"*",[1]PCRs!A:A,0))="Positivo", "✅ Positivo", IF(INDEX([1]PCRs!B:B,MATCH(LEFT($A270,6)&"*",[1]PCRs!A:A,0))="Negativo", "❌ Negativo", "⏳ No realizado")), "⏳ No realizado" )} -> ❌ Negativo | D270: =IFERROR( CHOOSE( MATCH(VLOOKUP(LEFT(A317,6)&"*",'Identificación genética'!A:C,2,FALSE), {"En proceso";"Finalizado"},0), "🔬 En proceso", "🎯 Finalizado" ), "❌ NA") -> 🎯 Finalizado | E270: CALYPSO | F270: 45817 | G270: =_xlfn.XLOOKUP(A270, Extraídas!A:A, Extraídas!G:G, "") -> Cianobacterias
A271: BEA0088d | B271: =IFERROR( IF(INDEX(Extraídas!B:B,MATCH(LEFT($A271,6)&"*",Extraídas!A:A,0))="Extraídas", "✅ En proceso", IF(INDEX(Extraídas!B:B,MATCH(LEFT($A271,6)&"*",Extraídas!A:A,0))="Recibidas", "⏳ Pendiente","❌ No ingresada")), "❌ No ingresada" ) -> ✅ En proceso | C271: {=IFERROR( IF(INDEX([1]PCRs!B:B,MATCH(LEFT($A271,6)&"*",[1]PCRs!A:A,0))="Positivo", "✅ Positivo", IF(INDEX([1]PCRs!B:B,MATCH(LEFT($A271,6)&"*",[1]PCRs!A:A,0))="Negativo", "❌ Negativo", "⏳ No realizado")), "⏳ No realizado" )} -> ❌ Negativo | D271: =IFERROR( CHOOSE( MATCH(VLOOKUP(LEFT(A318,6)&"*",'Identificación genética'!A:C,2,FALSE), {"En proceso";"Finalizado"},0), "🔬 En proceso", "🎯 Finalizado" ), "❌ NA") -> 🎯 Finalizado | E271: CALYPSO | F271: 45817 | G271: =_xlfn.XLOOKUP(A271, Extraídas!A:A, Extraídas!G:G, "") -> Cianobacterias
A272: BEA0089 | B272: =IFERROR( IF(INDEX(Extraídas!B:B,MATCH(LEFT($A272,6)&"*",Extraídas!A:A,0))="Extraídas", "✅ En proceso", IF(INDEX(Extraídas!B:B,MATCH(LEFT($A272,6)&"*",Extraídas!A:A,0))="Recibidas", "⏳ Pendiente","❌ No ingresada")), "❌ No ingresada" ) -> ✅ En proceso | C272: {=IFERROR( IF(INDEX([1]PCRs!B:B,MATCH(LEFT($A272,6)&"*",[1]PCRs!A:A,0))="Positivo", "✅ Positivo", IF(INDEX([1]PCRs!B:B,MATCH(LEFT($A272,6)&"*",[1]PCRs!A:A,0))="Negativo", "❌ Negativo", "⏳ No realizado")), "⏳ No realizado" )} -> ❌ Negativo | D272: =IFERROR( CHOOSE( MATCH(VLOOKUP(LEFT(A319,6)&"*",'Identificación genética'!A:C,2,FALSE), {"En proceso";"Finalizado"},0), "🔬 En proceso", "🎯 Finalizado" ), "❌ NA") -> 🎯 Finalizado | E272: CALYPSO | F272: 45733 | G272: =_xlfn.XLOOKUP(A272, Extraídas!A:A, Extraídas!G:G, "") -> Cianobacterias
A273: BEA0094 | B273: =IFERROR( IF(INDEX(Extraídas!B:B,MATCH(LEFT($A273,6)&"*",Extraídas!A:A,0))="Extraídas", "✅ En proceso", IF(INDEX(Extraídas!B:B,MATCH(LEFT($A273,6)&"*",Extraídas!A:A,0))="Recibidas", "⏳ Pendiente","❌ No ingresada")), "❌ No ingresada" ) -> ✅ En proceso | C273: {=IFERROR( IF(INDEX([1]PCRs!B:B,MATCH(LEFT($A273,6)&"*",[1]PCRs!A:A,0))="Positivo", "✅ Positivo", IF(INDEX([1]PCRs!B:B,MATCH(LEFT($A273,6)&"*",[1]PCRs!A:A,0))="Negativo", "❌ Negativo", "⏳ No realizado")), "⏳ No realizado" )} -> ✅ Positivo | D273: =IFERROR( CHOOSE( MATCH(VLOOKUP(LEFT(A320,6)&"*",'Identificación genética'!A:C,2,FALSE), {"En proceso";"Finalizado"},0), "🔬 En proceso", "🎯 Finalizado" ), "❌ NA") -> 🎯 Finalizado | E273: CALYPSO | F273: 45768 | G273: =_xlfn.XLOOKUP(A273, Extraídas!A:A, Extraídas!G:G, "") -> Chlorophyceae
A274: BEA0095 | B274: =IFERROR( IF(INDEX(Extraídas!B:B,MATCH(LEFT($A274,6)&"*",Extraídas!A:A,0))="Extraídas", "✅ En proceso", IF(INDEX(Extraídas!B:B,MATCH(LEFT($A274,6)&"*",Extraídas!A:A,0))="Recibidas", "⏳ Pendiente","❌ No ingresada")), "❌ No ingresada" ) -> ✅ En proceso | C274: {=IFERROR( IF(INDEX([1]PCRs!B:B,MATCH(LEFT($A274,6)&"*",[1]PCRs!A:A,0))="Positivo", "✅ Positivo", IF(INDEX([1]PCRs!B:B,MATCH(LEFT($A274,6)&"*",[1]PCRs!A:A,0))="Negativo", "❌ Negativo", "⏳ No realizado")), "⏳ No realizado" )} -> ✅ Positivo | D274: =IFERROR( CHOOSE( MATCH(VLOOKUP(LEFT(A321,6)&"*",'Identificación genética'!A:C,2,FALSE), {"En proceso";"Finalizado"},0), "🔬 En proceso", "🎯 Finalizado" ), "❌ NA") -> 🎯 Finalizado | E274: CALYPSO | G274: =_xlfn.XLOOKUP(A274, Extraídas!A:A, Extraídas!G:G, "")
A275: BEA0095a | B275: =IFERROR( IF(INDEX(Extraídas!B:B,MATCH(LEFT($A275,6)&"*",Extraídas!A:A,0))="Extraídas", "✅ En proceso", IF(INDEX(Extraídas!B:B,MATCH(LEFT($A275,6)&"*",Extraídas!A:A,0))="Recibidas", "⏳ Pendiente","❌ No ingresada")), "❌ No ingresada" ) -> ✅ En proceso | C275: {=IFERROR( IF(INDEX([1]PCRs!B:B,MATCH(LEFT($A275,6)&"*",[1]PCRs!A:A,0))="Positivo", "✅ Positivo", IF(INDEX([1]PCRs!B:B,MATCH(LEFT($A275,6)&"*",[1]PCRs!A:A,0))="Negativo", "❌ Negativo", "⏳ No realizado")), "⏳ No realizado" )} -> ✅ Positivo | D275: =IFERROR( CHOOSE( MATCH(VLOOKUP(LEFT(A322,6)&"*",'Identificación genética'!A:C,2,FALSE), {"En proceso";"Finalizado"},0), "🔬 En proceso", "🎯 Finalizado" ), "❌ NA") -> 🎯 Finalizado | E275: CALYPSO | F275: 45763 | G275: =_xlfn.XLOOKUP(A275, Extraídas!A:A, Extraídas!G:G, "") -> Cianobacterias
A276: BEA0095b | B276: =IFERROR( IF(INDEX(Extraídas!B:B,MATCH(LEFT($A276,6)&"*",Extraídas!A:A,0))="Extraídas", "✅ En proceso", IF(INDEX(Extraídas!B:B,MATCH(LEFT($A276,6)&"*",Extraídas!A:A,0))="Recibidas", "⏳ Pendiente","❌ No ingresada")), "❌ No ingresada" ) -> ✅ En proceso | C276: {=IFERROR( IF(INDEX([1]PCRs!B:B,MATCH(LEFT($A276,6)&"*",[1]PCRs!A:A,0))="Positivo", "✅ Positivo", IF(INDEX([1]PCRs!B:B,MATCH(LEFT($A276,6)&"*",[1]PCRs!A:A,0))="Negativo", "❌ Negativo", "⏳ No realizado")), "⏳ No realizado" )} -> ✅ Positivo | D276: =IFERROR( CHOOSE( MATCH(VLOOKUP(LEFT(A323,6)&"*",'Identificación genética'!A:C,2,FALSE), {"En proceso";"Finalizado"},0), "🔬 En proceso", "🎯 Finalizado" ), "❌ NA") -> 🎯 Finalizado | E276: CALYPSO | F276: 45817 | G276: =_xlfn.XLOOKUP(A276, Extraídas!A:A, Extraídas!G:G, "") -> Cianobacterias
A277: BEA0098 | B277: =IFERROR( IF(INDEX(Extraídas!B:B,MATCH(LEFT($A277,6)&"*",Extraídas!A:A,0))="Extraídas", "✅ En proceso", IF(INDEX(Extraídas!B:B,MATCH(LEFT($A277,6)&"*",Extraídas!A:A,0))="Recibidas", "⏳ Pendiente","❌ No ingresada")), "❌ No ingresada" ) -> ✅ En proceso | C277: {=IFERROR( IF(INDEX([1]PCRs!B:B,MATCH(LEFT($A277,6)&"*",[1]PCRs!A:A,0))="Positivo", "✅ Positivo", IF(INDEX([1]PCRs!B:B,MATCH(LEFT($A277,6)&"*",[1]PCRs!A:A,0))="Negativo", "❌ Negativo", "⏳ No realizado")), "⏳ No realizado" )} -> ✅ Positivo | D277: =IFERROR( CHOOSE( MATCH(VLOOKUP(LEFT(A324,6)&"*",'Identificación genética'!A:C,2,FALSE), {"En proceso";"Finalizado"},0), "🔬 En proceso", "🎯 Finalizado" ), "❌ NA") -> 🎯 Finalizado | E277: CALYPSO | G277: =_xlfn.XLOOKUP(A277, Extraídas!A:A, Extraídas!G:G, "")
A278: BEA0148a | B278: {=IFERROR( IF(INDEX([1]Extraídas!B:B,MATCH(LEFT($A278,6)&"*",[1]Extraídas!A:A,0))="Extraídas", "✅ En proceso", IF(INDEX([1]Extraídas!B:B,MATCH(LEFT($A278,6)&"*",[1]Extraídas!A:A,0))="Recibidas", "⏳ Pendiente","❌ No ingresada")), "❌ No ingresada" )} -> ✅ En proceso | C278: {=IFERROR( IF(INDEX([1]PCRs!B:B,MATCH(LEFT($A278,6)&"*",[1]PCRs!A:A,0))="Positivo", "✅ Positivo", IF(INDEX([1]PCRs!B:B,MATCH(LEFT($A278,6)&"*",[1]PCRs!A:A,0))="Negativo", "❌ Negativo", "⏳ No realizado")), "⏳ No realizado" )} -> ⏳ No realizado | D278: =IFERROR( CHOOSE( MATCH(VLOOKUP(LEFT(A325,6)&"*",'Identificación genética'!A:C,2,FALSE), {"En proceso";"Finalizado"},0), "🔬 En proceso", "🎯 Finalizado" ), "❌ NA") -> 🎯 Finalizado | E278: CALYPSO | F278: 45933 | G278: =_xlfn.XLOOKUP(A278, Extraídas!A:A, Extraídas!G:G, "") -> Cianobacterias
A279: BEA0148b | B279: {=IFERROR( IF(INDEX([1]Extraídas!B:B,MATCH(LEFT($A279,6)&"*",[1]Extraídas!A:A,0))="Extraídas", "✅ En proceso", IF(INDEX([1]Extraídas!B:B,MATCH(LEFT($A279,6)&"*",[1]Extraídas!A:A,0))="Recibidas", "⏳ Pendiente","❌ No ingresada")), "❌ No ingresada" )} -> ✅ En proceso | C279: {=IFERROR( IF(INDEX([1]PCRs!B:B,MATCH(LEFT($A279,6)&"*",[1]PCRs!A:A,0))="Positivo", "✅ Positivo", IF(INDEX([1]PCRs!B:B,MATCH(LEFT($A279,6)&"*",[1]PCRs!A:A,0))="Negativo", "❌ Negativo", "⏳ No realizado")), "⏳ No realizado" )} -> ⏳ No realizado | D279: =IFERROR( CHOOSE( MATCH(VLOOKUP(LEFT(A326,6)&"*",'Identificación genética'!A:C,2,FALSE), {"En proceso";"Finalizado"},0), "🔬 En proceso", "🎯 Finalizado" ), "❌ NA") -> 🎯 Finalizado | E279: CALYPSO | F279: 45931 | G279: =_xlfn.XLOOKUP(A279, Extraídas!A:A, Extraídas!G:G, "") -> Cianobacterias
A280: BEA0149 | B280: {=IFERROR( IF(INDEX([1]Extraídas!B:B,MATCH(LEFT($A280,6)&"*",[1]Extraídas!A:A,0))="Extraídas", "✅ En proceso", IF(INDEX([1]Extraídas!B:B,MATCH(LEFT($A280,6)&"*",[1]Extraídas!A:A,0))="Recibidas", "⏳ Pendiente","❌ No ingresada")), "❌ No ingresada" )} -> ✅ En proceso | C280: {=IFERROR( IF(INDEX([1]PCRs!B:B,MATCH(LEFT($A280,6)&"*",[1]PCRs!A:A,0))="Positivo", "✅ Positivo", IF(INDEX([1]PCRs!B:B,MATCH(LEFT($A280,6)&"*",[1]PCRs!A:A,0))="Negativo", "❌ Negativo", "⏳ No realizado")), "⏳ No realizado" )} -> ⏳ No realizado | D280: =IFERROR( CHOOSE( MATCH(VLOOKUP(LEFT(A327,6)&"*",'Identificación genética'!A:C,2,FALSE), {"En proceso";"Finalizado"},0), "🔬 En proceso", "🎯 Finalizado" ), "❌ NA") -> ❌ NA | E280: CALYPSO | F280: 45768 | G280: =_xlfn.XLOOKUP(A280, Extraídas!A:A, Extraídas!G:G, "") -> Chlorophyceae
A281: BEA0150 | B281: {=IFERROR( IF(INDEX([1]Extraídas!B:B,MATCH(LEFT($A281,6)&"*",[1]Extraídas!A:A,0))="Extraídas", "✅ En proceso", IF(INDEX([1]Extraídas!B:B,MATCH(LEFT($A281,6)&"*",[1]Extraídas!A:A,0))="Recibidas", "⏳ Pendiente","❌ No ingresada")), "❌ No ingresada" )} -> ✅ En proceso | C281: {=IFERROR( IF(INDEX([1]PCRs!B:B,MATCH(LEFT($A281,6)&"*",[1]PCRs!A:A,0))="Positivo", "✅ Positivo", IF(INDEX([1]PCRs!B:B,MATCH(LEFT($A281,6)&"*",[1]PCRs!A:A,0))="Negativo", "❌ Negativo", "⏳ No realizado")), "⏳ No realizado" )} -> ⏳ No realizado | D281: =IFERROR( CHOOSE( MATCH(VLOOKUP(LEFT(A328,6)&"*",'Identificación genética'!A:C,2,FALSE), {"En proceso";"Finalizado"},0), "🔬 En proceso", "🎯 Finalizado" ), "❌ NA") -> ❌ NA | E281: CALYPSO | F281: 45768 | G281: =_xlfn.XLOOKUP(A281, Extraídas!A:A, Extraídas!G:G, "") -> Chlorophyceae
A282: BEA0151 | B282: {=IFERROR( IF(INDEX([1]Extraídas!B:B,MATCH(LEFT($A282,6)&"*",[1]Extraídas!A:A,0))="Extraídas", "✅ En proceso", IF(INDEX([1]Extraídas!B:B,MATCH(LEFT($A282,6)&"*",[1]Extraídas!A:A,0))="Recibidas", "⏳ Pendiente","❌ No ingresada")), "❌ No ingresada" )} -> ✅ En proceso | C282: {=IFERROR( IF(INDEX([1]PCRs!B:B,MATCH(LEFT($A282,6)&"*",[1]PCRs!A:A,0))="Positivo", "✅ Positivo", IF(INDEX([1]PCRs!B:B,MATCH(LEFT($A282,6)&"*",[1]PCRs!A:A,0))="Negativo", "❌ Negativo", "⏳ No realizado")), "⏳ No realizado" )} -> ⏳ No realizado | D282: =IFERROR( CHOOSE( MATCH(VLOOKUP(LEFT(A329,6)&"*",'Identificación genética'!A:C,2,FALSE), {"En proceso";"Finalizado"},0), "🔬 En proceso", "🎯 Finalizado" ), "❌ NA") -> ❌ NA | E282: CALYPSO | F282: 45768 | G282: =_xlfn.XLOOKUP(A282, Extraídas!A:A, Extraídas!G:G, "") -> Chlorophyceae
A283: BEA0173 | B283: {=IFERROR( IF(INDEX([1]Extraídas!B:B,MATCH(LEFT($A283,6)&"*",[1]Extraídas!A:A,0))="Extraídas", "✅ En proceso", IF(INDEX([1]Extraídas!B:B,MATCH(LEFT($A283,6)&"*",[1]Extraídas!A:A,0))="Recibidas", "⏳ Pendiente","❌ No ingresada")), "❌ No ingresada" )} -> ✅ En proceso | C283: {=IFERROR( IF(INDEX([1]PCRs!B:B,MATCH(LEFT($A283,6)&"*",[1]PCRs!A:A,0))="Positivo", "✅ Positivo", IF(INDEX([1]PCRs!B:B,MATCH(LEFT($A283,6)&"*",[1]PCRs!A:A,0))="Negativo", "❌ Negativo", "⏳ No realizado")), "⏳ No realizado" )} -> ⏳ No realizado | D283: =IFERROR( CHOOSE( MATCH(VLOOKUP(LEFT(A330,6)&"*",'Identificación genética'!A:C,2,FALSE), {"En proceso";"Finalizado"},0), "🔬 En proceso", "🎯 Finalizado" ), "❌ NA") -> ❌ NA | E283: CALYPSO | F283: 45768 | G283: =_xlfn.XLOOKUP(A283, Extraídas!A:A, Extraídas!G:G, "") -> Chlorophyceae
A284: BEA0176/1 | B284: {=IFERROR( IF(INDEX([1]Extraídas!B:B,MATCH(LEFT($A284,6)&"*",[1]Extraídas!A:A,0))="Extraídas", "✅ En proceso", IF(INDEX([1]Extraídas!B:B,MATCH(LEFT($A284,6)&"*",[1]Extraídas!A:A,0))="Recibidas", "⏳ Pendiente","❌ No ingresada")), "❌ No ingresada" )} -> ✅ En proceso | C284: {=IFERROR( IF(INDEX([1]PCRs!B:B,MATCH(LEFT($A284,6)&"*",[1]PCRs!A:A,0))="Positivo", "✅ Positivo", IF(INDEX([1]PCRs!B:B,MATCH(LEFT($A284,6)&"*",[1]PCRs!A:A,0))="Negativo", "❌ Negativo", "⏳ No realizado")), "⏳ No realizado" )} -> ⏳ No realizado | D284: =IFERROR( CHOOSE( MATCH(VLOOKUP(LEFT(A331,6)&"*",'Identificación genética'!A:C,2,FALSE), {"En proceso";"Finalizado"},0), "🔬 En proceso", "🎯 Finalizado" ), "❌ NA") -> 🎯 Finalizado | E284: CALYPSO | F284: 45933 | G284: =_xlfn.XLOOKUP(A284, Extraídas!A:A, Extraídas!G:G, "") -> Trebouxiophyceae
A285: BEA0176/2 | B285: {=IFERROR( IF(INDEX([1]Extraídas!B:B,MATCH(LEFT($A285,6)&"*",[1]Extraídas!A:A,0))="Extraídas", "✅ En proceso", IF(INDEX([1]Extraídas!B:B,MATCH(LEFT($A285,6)&"*",[1]Extraídas!A:A,0))="Recibidas", "⏳ Pendiente","❌ No ingresada")), "❌ No ingresada" )} -> ✅ En proceso | C285: {=IFERROR( IF(INDEX([1]PCRs!B:B,MATCH(LEFT($A285,6)&"*",[1]PCRs!A:A,0))="Positivo", "✅ Positivo", IF(INDEX([1]PCRs!B:B,MATCH(LEFT($A285,6)&"*",[1]PCRs!A:A,0))="Negativo", "❌ Negativo", "⏳ No realizado")), "⏳ No realizado" )} -> ⏳ No realizado | D285: =IFERROR( CHOOSE( MATCH(VLOOKUP(LEFT(A332,6)&"*",'Identificación genética'!A:C,2,FALSE), {"En proceso";"Finalizado"},0), "🔬 En proceso", "🎯 Finalizado" ), "❌ NA") -> 🎯 Finalizado | E285: CALYPSO | F285: 45933 | G285: =_xlfn.XLOOKUP(A285, Extraídas!A:A, Extraídas!G:G, "") -> Trebouxiophyceae
A286: BEA0176a | B286: {=IFERROR( IF(INDEX([1]Extraídas!B:B,MATCH(LEFT($A286,6)&"*",[1]Extraídas!A:A,0))="Extraídas", "✅ En proceso", IF(INDEX([1]Extraídas!B:B,MATCH(LEFT($A286,6)&"*",[1]Extraídas!A:A,0))="Recibidas", "⏳ Pendiente","❌ No ingresada")), "❌ No ingresada" )} -> ✅ En proceso | C286: {=IFERROR( IF(INDEX([1]PCRs!B:B,MATCH(LEFT($A286,6)&"*",[1]PCRs!A:A,0))="Positivo", "✅ Positivo", IF(INDEX([1]PCRs!B:B,MATCH(LEFT($A286,6)&"*",[1]PCRs!A:A,0))="Negativo", "❌ Negativo", "⏳ No realizado")), "⏳ No realizado" )} -> ⏳ No realizado | D286: =IFERROR( CHOOSE( MATCH(VLOOKUP(LEFT(A333,6)&"*",'Identificación genética'!A:C,2,FALSE), {"En proceso";"Finalizado"},0), "🔬 En proceso", "🎯 Finalizado" ), "❌ NA") -> ❌ NA | E286: CALYPSO | F286: 45933 | G286: =_xlfn.XLOOKUP(A286, Extraídas!A:A, Extraídas!G:G, "") -> Trebouxiophyceae
A287: BEA0197B | B287: {=IFERROR( IF(INDEX([1]Extraídas!B:B,MATCH(LEFT($A287,6)&"*",[1]Extraídas!A:A,0))="Extraídas", "✅ En proceso", IF(INDEX([1]Extraídas!B:B,MATCH(LEFT($A287,6)&"*",[1]Extraídas!A:A,0))="Recibidas", "⏳ Pendiente","❌ No ingresada")), "❌ No ingresada" )} -> ✅ En proceso | C287: {=IFERROR( IF(INDEX([1]PCRs!B:B,MATCH(LEFT($A287,6)&"*",[1]PCRs!A:A,0))="Positivo", "✅ Positivo", IF(INDEX([1]PCRs!B:B,MATCH(LEFT($A287,6)&"*",[1]PCRs!A:A,0))="Negativo", "❌ Negativo", "⏳ No realizado")), "⏳ No realizado" )} -> ⏳ No realizado | D287: =IFERROR( CHOOSE( MATCH(VLOOKUP(LEFT(A334,6)&"*",'Identificación genética'!A:C,2,FALSE), {"En proceso";"Finalizado"},0), "🔬 En proceso", "🎯 Finalizado" ), "❌ NA") -> ❌ NA | E287: CALYPSO | F287: 45768 | G287: =_xlfn.XLOOKUP(A287, Extraídas!A:A, Extraídas!G:G, "") -> Zygnematophyceae
A288: BEA0247 | B288: =IFERROR( IF(INDEX(Extraídas!B:B,MATCH(LEFT($A288,6)&"*",Extraídas!A:A,0))="Extraídas", "✅ En proceso", IF(INDEX(Extraídas!B:B,MATCH(LEFT($A288,6)&"*",Extraídas!A:A,0))="Recibidas", "⏳ Pendiente","❌ No ingresada")), "❌ No ingresada" ) -> ✅ En proceso | C288: {=IFERROR( IF(INDEX([1]PCRs!B:B,MATCH(LEFT($A288,6)&"*",[1]PCRs!A:A,0))="Positivo", "✅ Positivo", IF(INDEX([1]PCRs!B:B,MATCH(LEFT($A288,6)&"*",[1]PCRs!A:A,0))="Negativo", "❌ Negativo", "⏳ No realizado")), "⏳ No realizado" )} -> ✅ Positivo | D288: =IFERROR( CHOOSE( MATCH(VLOOKUP(LEFT(A335,6)&"*",'Identificación genética'!A:C,2,FALSE), {"En proceso";"Finalizado"},0), "🔬 En proceso", "🎯 Finalizado" ), "❌ NA") -> ❌ NA | E288: CALYPSO | F288: 45763 | G288: =_xlfn.XLOOKUP(A288, Extraídas!A:A, Extraídas!G:G, "") -> Cianobacterias
A289: BEA0253 | B289: {=IFERROR( IF(INDEX([1]Extraídas!B:B,MATCH(LEFT($A289,6)&"*",[1]Extraídas!A:A,0))="Extraídas", "✅ En proceso", IF(INDEX([1]Extraídas!B:B,MATCH(LEFT($A289,6)&"*",[1]Extraídas!A:A,0))="Recibidas", "⏳ Pendiente","❌ No ingresada")), "❌ No ingresada" )} -> ✅ En proceso | C289: {=IFERROR( IF(INDEX([1]PCRs!B:B,MATCH(LEFT($A289,6)&"*",[1]PCRs!A:A,0))="Positivo", "✅ Positivo", IF(INDEX([1]PCRs!B:B,MATCH(LEFT($A289,6)&"*",[1]PCRs!A:A,0))="Negativo", "❌ Negativo", "⏳ No realizado")), "⏳ No realizado" )} -> ⏳ No realizado | D289: =IFERROR( CHOOSE( MATCH(VLOOKUP(LEFT(A336,6)&"*",'Identificación genética'!A:C,2,FALSE), {"En proceso";"Finalizado"},0), "🔬 En proceso", "🎯 Finalizado" ), "❌ NA") -> ❌ NA | E289: CALYPSO | F289: 45756 | G289: =_xlfn.XLOOKUP(A289, Extraídas!A:A, Extraídas!G:G, "") -> Cianobacterias
A290: BEA0278 | B290: {=IFERROR( IF(INDEX([1]Extraídas!B:B,MATCH(LEFT($A290,6)&"*",[1]Extraídas!A:A,0))="Extraídas", "✅ En proceso", IF(INDEX([1]Extraídas!B:B,MATCH(LEFT($A290,6)&"*",[1]Extraídas!A:A,0))="Recibidas", "⏳ Pendiente","❌ No ingresada")), "❌ No ingresada" )} -> ✅ En proceso | C290: {=IFERROR( IF(INDEX([1]PCRs!B:B,MATCH(LEFT($A290,6)&"*",[1]PCRs!A:A,0))="Positivo", "✅ Positivo", IF(INDEX([1]PCRs!B:B,MATCH(LEFT($A290,6)&"*",[1]PCRs!A:A,0))="Negativo", "❌ Negativo", "⏳ No realizado")), "⏳ No realizado" )} -> ⏳ No realizado | D290: =IFERROR( CHOOSE( MATCH(VLOOKUP(LEFT(A337,6)&"*",'Identificación genética'!A:C,2,FALSE), {"En proceso";"Finalizado"},0), "🔬 En proceso", "🎯 Finalizado" ), "❌ NA") -> ❌ NA | E290: CALYPSO | F290: 45933 | G290: =_xlfn.XLOOKUP(A290, Extraídas!A:A, Extraídas!G:G, "") -> Trebouxiophyceae
A291: BEA0283 | B291: {=IFERROR( IF(INDEX([1]Extraídas!B:B,MATCH(LEFT($A291,6)&"*",[1]Extraídas!A:A,0))="Extraídas", "✅ En proceso", IF(INDEX([1]Extraídas!B:B,MATCH(LEFT($A291,6)&"*",[1]Extraídas!A:A,0))="Recibidas", "⏳ Pendiente","❌ No ingresada")), "❌ No ingresada" )} -> ✅ En proceso | C291: {=IFERROR( IF(INDEX([1]PCRs!B:B,MATCH(LEFT($A291,6)&"*",[1]PCRs!A:A,0))="Positivo", "✅ Positivo", IF(INDEX([1]PCRs!B:B,MATCH(LEFT($A291,6)&"*",[1]PCRs!A:A,0))="Negativo", "❌ Negativo", "⏳ No realizado")), "⏳ No realizado" )} -> ⏳ No realizado | D291: =IFERROR( CHOOSE( MATCH(VLOOKUP(LEFT(A338,6)&"*",'Identificación genética'!A:C,2,FALSE), {"En proceso";"Finalizado"},0), "🔬 En proceso", "🎯 Finalizado" ), "❌ NA") -> ❌ NA | E291: CALYPSO | F291: 45933 | G291: =_xlfn.XLOOKUP(A291, Extraídas!A:A, Extraídas!G:G, "") -> Trebouxiophyceae
A292: BEA0287 | B292: {=IFERROR( IF(INDEX([1]Extraídas!B:B,MATCH(LEFT($A292,6)&"*",[1]Extraídas!A:A,0))="Extraídas", "✅ En proceso", IF(INDEX([1]Extraídas!B:B,MATCH(LEFT($A292,6)&"*",[1]Extraídas!A:A,0))="Recibidas", "⏳ Pendiente","❌ No ingresada")), "❌ No ingresada" )} -> ✅ En proceso | C292: {=IFERROR( IF(INDEX([1]PCRs!B:B,MATCH(LEFT($A292,6)&"*",[1]PCRs!A:A,0))="Positivo", "✅ Positivo", IF(INDEX([1]PCRs!B:B,MATCH(LEFT($A292,6)&"*",[1]PCRs!A:A,0))="Negativo", "❌ Negativo", "⏳ No realizado")), "⏳ No realizado" )} -> ⏳ No realizado | D292: =IFERROR( CHOOSE( MATCH(VLOOKUP(LEFT(A339,6)&"*",'Identificación genética'!A:C,2,FALSE), {"En proceso";"Finalizado"},0), "🔬 En proceso", "🎯 Finalizado" ), "❌ NA") -> 🎯 Finalizado | E292: CALYPSO | F292: 45931 | G292: =_xlfn.XLOOKUP(A292, Extraídas!A:A, Extraídas!G:G, "") -> Chlorophyceae
A293: BEA0297 | B293: =IFERROR( IF(INDEX(Extraídas!B:B,MATCH(LEFT($A293,6)&"*",Extraídas!A:A,0))="Extraídas", "✅ En proceso", IF(INDEX(Extraídas!B:B,MATCH(LEFT($A293,6)&"*",Extraídas!A:A,0))="Recibidas", "⏳ Pendiente","❌ No ingresada")), "❌ No ingresada" ) -> ✅ En proceso | C293: {=IFERROR( IF(INDEX([1]PCRs!B:B,MATCH(LEFT($A293,6)&"*",[1]PCRs!A:A,0))="Positivo", "✅ Positivo", IF(INDEX([1]PCRs!B:B,MATCH(LEFT($A293,6)&"*",[1]PCRs!A:A,0))="Negativo", "❌ Negativo", "⏳ No realizado")), "⏳ No realizado" )} -> ✅ Positivo | D293: =IFERROR( CHOOSE( MATCH(VLOOKUP(LEFT(A340,6)&"*",'Identificación genética'!A:C,2,FALSE), {"En proceso";"Finalizado"},0), "🔬 En proceso", "🎯 Finalizado" ), "❌ NA") -> 🎯 Finalizado | E293: CALYPSO | F293: 45846 | G293: =_xlfn.XLOOKUP(A293, Extraídas!A:A, Extraídas!G:G, "") -> Trebouxiophyceae
A294: BEA02972 | B294: =IFERROR( IF(INDEX(Extraídas!B:B,MATCH(LEFT($A294,6)&"*",Extraídas!A:A,0))="Extraídas", "✅ En proceso", IF(INDEX(Extraídas!B:B,MATCH(LEFT($A294,6)&"*",Extraídas!A:A,0))="Recibidas", "⏳ Pendiente","❌ No ingresada")), "❌ No ingresada" ) -> ✅ En proceso | C294: {=IFERROR( IF(INDEX([1]PCRs!B:B,MATCH(LEFT($A294,6)&"*",[1]PCRs!A:A,0))="Positivo", "✅ Positivo", IF(INDEX([1]PCRs!B:B,MATCH(LEFT($A294,6)&"*",[1]PCRs!A:A,0))="Negativo", "❌ Negativo", "⏳ No realizado")), "⏳ No realizado" )} -> ✅ Positivo | D294: =IFERROR( CHOOSE( MATCH(VLOOKUP(LEFT(A341,6)&"*",'Identificación genética'!A:C,2,FALSE), {"En proceso";"Finalizado"},0), "🔬 En proceso", "🎯 Finalizado" ), "❌ NA") -> 🎯 Finalizado | E294: CALYPSO | G294: =_xlfn.XLOOKUP(A294, Extraídas!A:A, Extraídas!G:G, "")
A295: BEA0300 | B295: =IFERROR( IF(INDEX(Extraídas!B:B,MATCH(LEFT($A295,6)&"*",Extraídas!A:A,0))="Extraídas", "✅ En proceso", IF(INDEX(Extraídas!B:B,MATCH(LEFT($A295,6)&"*",Extraídas!A:A,0))="Recibidas", "⏳ Pendiente","❌ No ingresada")), "❌ No ingresada" ) -> ✅ En proceso | C295: {=IFERROR( IF(INDEX([1]PCRs!B:B,MATCH(LEFT($A295,6)&"*",[1]PCRs!A:A,0))="Positivo", "✅ Positivo", IF(INDEX([1]PCRs!B:B,MATCH(LEFT($A295,6)&"*",[1]PCRs!A:A,0))="Negativo", "❌ Negativo", "⏳ No realizado")), "⏳ No realizado" )} -> ✅ Positivo | D295: =IFERROR( CHOOSE( MATCH(VLOOKUP(LEFT(A342,6)&"*",'Identificación genética'!A:C,2,FALSE), {"En proceso";"Finalizado"},0), "🔬 En proceso", "🎯 Finalizado" ), "❌ NA") -> ❌ NA | E295: CALYPSO | G295: =_xlfn.XLOOKUP(A295, Extraídas!A:A, Extraídas!G:G, "")
A296: BEA0300ITS | B296: =IFERROR( IF(INDEX(Extraídas!B:B,MATCH(LEFT($A296,6)&"*",Extraídas!A:A,0))="Extraídas", "✅ En proceso", IF(INDEX(Extraídas!B:B,MATCH(LEFT($A296,6)&"*",Extraídas!A:A,0))="Recibidas", "⏳ Pendiente","❌ No ingresada")), "❌ No ingresada" ) -> ✅ En proceso | C296: {=IFERROR( IF(INDEX([1]PCRs!B:B,MATCH(LEFT($A296,6)&"*",[1]PCRs!A:A,0))="Positivo", "✅ Positivo", IF(INDEX([1]PCRs!B:B,MATCH(LEFT($A296,6)&"*",[1]PCRs!A:A,0))="Negativo", "❌ Negativo", "⏳ No realizado")), "⏳ No realizado" )} -> ✅ Positivo | D296: =IFERROR( CHOOSE( MATCH(VLOOKUP(LEFT(A343,6)&"*",'Identificación genética'!A:C,2,FALSE), {"En proceso";"Finalizado"},0), "🔬 En proceso", "🎯 Finalizado" ), "❌ NA") -> ❌ NA | E296: CALYPSO | G296: =_xlfn.XLOOKUP(A296, Extraídas!A:A, Extraídas!G:G, "")
A297: BEA0300LIOF | B297: =IFERROR( IF(INDEX(Extraídas!B:B,MATCH(LEFT($A297,6)&"*",Extraídas!A:A,0))="Extraídas", "✅ En proceso", IF(INDEX(Extraídas!B:B,MATCH(LEFT($A297,6)&"*",Extraídas!A:A,0))="Recibidas", "⏳ Pendiente","❌ No ingresada")), "❌ No ingresada" ) -> ✅ En proceso | C297: {=IFERROR( IF(INDEX([1]PCRs!B:B,MATCH(LEFT($A297,6)&"*",[1]PCRs!A:A,0))="Positivo", "✅ Positivo", IF(INDEX([1]PCRs!B:B,MATCH(LEFT($A297,6)&"*",[1]PCRs!A:A,0))="Negativo", "❌ Negativo", "⏳ No realizado")), "⏳ No realizado" )} -> ✅ Positivo | D297: =IFERROR( CHOOSE( MATCH(VLOOKUP(LEFT(A344,6)&"*",'Identificación genética'!A:C,2,FALSE), {"En proceso";"Finalizado"},0), "🔬 En proceso", "🎯 Finalizado" ), "❌ NA") -> 🎯 Finalizado | E297: CALYPSO | F297: 45817 | G297: =_xlfn.XLOOKUP(A297, Extraídas!A:A, Extraídas!G:G, "") -> Cianobacterias
A298: BEA0300X2 | B298: =IFERROR( IF(INDEX(Extraídas!B:B,MATCH(LEFT($A298,6)&"*",Extraídas!A:A,0))="Extraídas", "✅ En proceso", IF(INDEX(Extraídas!B:B,MATCH(LEFT($A298,6)&"*",Extraídas!A:A,0))="Recibidas", "⏳ Pendiente","❌ No ingresada")), "❌ No ingresada" ) -> ✅ En proceso | C298: {=IFERROR( IF(INDEX([1]PCRs!B:B,MATCH(LEFT($A298,6)&"*",[1]PCRs!A:A,0))="Positivo", "✅ Positivo", IF(INDEX([1]PCRs!B:B,MATCH(LEFT($A298,6)&"*",[1]PCRs!A:A,0))="Negativo", "❌ Negativo", "⏳ No realizado")), "⏳ No realizado" )} -> ✅ Positivo | D298: =IFERROR( CHOOSE( MATCH(VLOOKUP(LEFT(A345,6)&"*",'Identificación genética'!A:C,2,FALSE), {"En proceso";"Finalizado"},0), "🔬 En proceso", "🎯 Finalizado" ), "❌ NA") -> 🎯 Finalizado | E298: CALYPSO | G298: =_xlfn.XLOOKUP(A298, Extraídas!A:A, Extraídas!G:G, "")
A299: BEA0300X4 | B299: =IFERROR( IF(INDEX(Extraídas!B:B,MATCH(LEFT($A299,6)&"*",Extraídas!A:A,0))="Extraídas", "✅ En proceso", IF(INDEX(Extraídas!B:B,MATCH(LEFT($A299,6)&"*",Extraídas!A:A,0))="Recibidas", "⏳ Pendiente","❌ No ingresada")), "❌ No ingresada" ) -> ✅ En proceso | C299: {=IFERROR( IF(INDEX([1]PCRs!B:B,MATCH(LEFT($A299,6)&"*",[1]PCRs!A:A,0))="Positivo", "✅ Positivo", IF(INDEX([1]PCRs!B:B,MATCH(LEFT($A299,6)&"*",[1]PCRs!A:A,0))="Negativo", "❌ Negativo", "⏳ No realizado")), "⏳ No realizado" )} -> ✅ Positivo | D299: =IFERROR( CHOOSE( MATCH(VLOOKUP(LEFT(A346,6)&"*",'Identificación genética'!A:C,2,FALSE), {"En proceso";"Finalizado"},0), "🔬 En proceso", "🎯 Finalizado" ), "❌ NA") -> 🎯 Finalizado | E299: CALYPSO | G299: =_xlfn.XLOOKUP(A299, Extraídas!A:A, Extraídas!G:G, "")
A300: BEA0301B(1/4) | B300: =IFERROR( IF(INDEX(Extraídas!B:B,MATCH(LEFT($A300,6)&"*",Extraídas!A:A,0))="Extraídas", "✅ En proceso", IF(INDEX(Extraídas!B:B,MATCH(LEFT($A300,6)&"*",Extraídas!A:A,0))="Recibidas", "⏳ Pendiente","❌ No ingresada")), "❌ No ingresada" ) -> ✅ En proceso | C300: {=IFERROR( IF(INDEX([1]PCRs!B:B,MATCH(LEFT($A300,6)&"*",[1]PCRs!A:A,0))="Positivo", "✅ Positivo", IF(INDEX([1]PCRs!B:B,MATCH(LEFT($A300,6)&"*",[1]PCRs!A:A,0))="Negativo", "❌ Negativo", "⏳ No realizado")), "⏳ No realizado" )} -> ✅ Positivo | D300: =IFERROR( CHOOSE( MATCH(VLOOKUP(LEFT(A347,6)&"*",'Identificación genética'!A:C,2,FALSE), {"En proceso";"Finalizado"},0), "🔬 En proceso", "🎯 Finalizado" ), "❌ NA") -> 🎯 Finalizado | E300: CALYPSO | F300: 45922 | G300: =_xlfn.XLOOKUP(A300, Extraídas!A:A, Extraídas!G:G, "") -> Cianobacterias
A301: BEA0325 | B301: {=IFERROR( IF(INDEX([1]Extraídas!B:B,MATCH(LEFT($A301,6)&"*",[1]Extraídas!A:A,0))="Extraídas", "✅ En proceso", IF(INDEX([1]Extraídas!B:B,MATCH(LEFT($A301,6)&"*",[1]Extraídas!A:A,0))="Recibidas", "⏳ Pendiente","❌ No ingresada")), "❌ No ingresada" )} -> ✅ En proceso | C301: {=IFERROR( IF(INDEX([1]PCRs!B:B,MATCH(LEFT($A301,6)&"*",[1]PCRs!A:A,0))="Positivo", "✅ Positivo", IF(INDEX([1]PCRs!B:B,MATCH(LEFT($A301,6)&"*",[1]PCRs!A:A,0))="Negativo", "❌ Negativo", "⏳ No realizado")), "⏳ No realizado" )} -> ⏳ No realizado | D301: =IFERROR( CHOOSE( MATCH(VLOOKUP(LEFT(A348,6)&"*",'Identificación genética'!A:C,2,FALSE), {"En proceso";"Finalizado"},0), "🔬 En proceso", "🎯 Finalizado" ), "❌ NA") -> 🎯 Finalizado | E301: CALYPSO | F301: 45940 | G301: =_xlfn.XLOOKUP(A301, Extraídas!A:A, Extraídas!G:G, "") -> Chlorophyceae
A302: BEA0338 | B302: {=IFERROR( IF(INDEX([1]Extraídas!B:B,MATCH(LEFT($A302,6)&"*",[1]Extraídas!A:A,0))="Extraídas", "✅ En proceso", IF(INDEX([1]Extraídas!B:B,MATCH(LEFT($A302,6)&"*",[1]Extraídas!A:A,0))="Recibidas", "⏳ Pendiente","❌ No ingresada")), "❌ No ingresada" )} -> ✅ En proceso | C302: {=IFERROR( IF(INDEX([1]PCRs!B:B,MATCH(LEFT($A302,6)&"*",[1]PCRs!A:A,0))="Positivo", "✅ Positivo", IF(INDEX([1]PCRs!B:B,MATCH(LEFT($A302,6)&"*",[1]PCRs!A:A,0))="Negativo", "❌ Negativo", "⏳ No realizado")), "⏳ No realizado" )} -> ⏳ No realizado | D302: =IFERROR( CHOOSE( MATCH(VLOOKUP(LEFT(A349,6)&"*",'Identificación genética'!A:C,2,FALSE), {"En proceso";"Finalizado"},0), "🔬 En proceso", "🎯 Finalizado" ), "❌ NA") -> 🎯 Finalizado | E302: CALYPSO | F302: 45933 | G302: =_xlfn.XLOOKUP(A302, Extraídas!A:A, Extraídas!G:G, "") -> Chlorophyceae
...

Sheet Extraídas
A1: Codigo | B1: Estado | C1: Recibida | D1: Extraída | E1: Organismo | F1: Proyecto | G1: Clase | H1: Protocolo | I1: Elucion_(uL) | J1: DNA_(ng/uL) | K1: DNA 260/280 | L1: DNA 260/230 | M1: Volumen uL PCR A partir de nov | N1: Observaciones
A2: 1 Tif DNAa 16S 1/3 | B2: EXTRAÍDAS | D2: 45947 | E2: Por determinar | F2: CALYPSO-biocrust | G2: ambiental | H2: PROTOCOLO OCTUBRE 2025 | I2: 50 | J2: 16.7 | K2: 1.51 | L2: 0.5 | M2: 0.33
A3: 1 Tif DNAa 16S 2/3 | B3: EXTRAÍDAS | D3: 45947 | E3: Por determinar | F3: CALYPSO-biocrust | G3: ambiental | H3: PROTOCOLO OCTUBRE 2025 | I3: 50 | J3: 13.1 | K3: 1.59 | L3: 0.56 | M3: 0.26
A4: 1 Tif DNAa 16S 3/3 | B4: EXTRAÍDAS | D4: 45947 | E4: Por determinar | F4: CALYPSO-biocrust | G4: ambiental | H4: PROTOCOLO OCTUBRE 2025 | I4: 50 | J4: 6.4 | K4: 1.37 | L4: 0.49 | M4: 0.13
A5: 1.1_MARZO_ALGASAL | B5: Extraídas | D5: 45756 | E5: Eucariota | F5: ALGASAL | G5: Macroalgas | H5: PROTOCOLO MAYO 2025 | I5: 50 | J5: =(11.5582467974799+13.3)/2 -> 12.429123 | K5: 1.9194325 | L5: 1.7755944 | M5: =IF(E5="Procariota", IF(J5<=10,3, IF(J5<=30,2, IF(J5<=100,1, IF(J5<=200,"1:10", IF(J5<=400,"1:20","Fuera de rango") ) ) ) ), IF(E5="Eucariota", IF(J5<=20,3, IF(J5<=60,2, IF(J5<=120,1, IF(J5<=200,"1:10", IF(J5>200,"1:20","Fuera de rango") ) ) ) ), "Error: Tipo inválido") ) -> 3
A6: 1.1RP7 | B6: Extraídas | D6: 45922 | E6: Eucariota | F6: ALGASAL | G6: Macroalgas | H6: PROTOCOLO MAYO 2025 | I6: 50 | J6: 58.9 | K6: 1.91 | L6: 1.26 | M6: =IF(E6="Procariota", IF(J6<=10,3, IF(J6<=30,2, IF(J6<=100,1, IF(J6<=200,"1:10", IF(J6<=400,"1:20","Fuera de rango") ) ) ) ), IF(E6="Eucariota", IF(J6<=20,3, IF(J6<=60,2, IF(J6<=120,1, IF(J6<=200,"1:10", IF(J6>200,"1:20","Fuera de rango") ) ) ) ), "Error: Tipo inválido") ) -> 2
A7: 1.2_MARZO_ALGASAL | B7: Extraídas | D7: 45756 | E7: Eucariota | F7: ALGASAL | G7: Macroalgas | H7: PROTOCOLO MAYO 2025 | I7: 50 | J7: 82.806102 | K7: 2.0541252 | L7: 2.2283732 | M7: =IF(E7="Procariota", IF(J7<=10,3, IF(J7<=30,2, IF(J7<=100,1, IF(J7<=200,"1:10", IF(J7<=400,"1:20","Fuera de rango") ) ) ) ), IF(E7="Eucariota", IF(J7<=20,3, IF(J7<=60,2, IF(J7<=120,1, IF(J7<=200,"1:10", IF(J7>200,"1:20","Fuera de rango") ) ) ) ), "Error: Tipo inválido") ) -> 1
A8: 1.3_MARZO_ALGASAL | B8: Extraídas | D8: 45756 | E8: Eucariota | F8: ALGASAL | G8: Macroalgas | H8: PROTOCOLO MAYO 2025 | I8: 50 | J8: 3.9049377 | K8: 3.2059486 | L8: 0.85636544 | M8: =IF(E8="Procariota", IF(J8<=10,3, IF(J8<=30,2, IF(J8<=100,1, IF(J8<=200,"1:10", IF(J8<=400,"1:20","Fuera de rango") ) ) ) ), IF(E8="Eucariota", IF(J8<=20,3, IF(J8<=60,2, IF(J8<=120,1, IF(J8<=200,"1:10", IF(J8>200,"1:20","Fuera de rango") ) ) ) ), "Error: Tipo inválido") ) -> 3
A9: 2 Tif DNAa 16S 1/3 | B9: EXTRAÍDAS | D9: 45947 | E9: Por determinar | F9: CALYPSO-biocrust | G9: ambiental | H9: PROTOCOLO OCTUBRE 2025 | I9: 50 | J9: 0.66 | K9: 1.63 | L9: 137.9 | M9: 2.76
A10: 2 Tif DNAa 16S 2/3 | B10: EXTRAÍDAS | D10: 45947 | E10: Por determinar | F10: CALYPSO-biocrust | G10: ambiental | H10: PROTOCOLO OCTUBRE 2025 | I10: 50 | J10: 0.75 | K10: 1.59 | L10: 18.6 | M10: 0.37
A11: 2 Tif DNAa 16S 3/3 | B11: EXTRAÍDAS | D11: 45947 | E11: Por determinar | F11: CALYPSO-biocrust | G11: ambiental | H11: PROTOCOLO OCTUBRE 2025 | I11: 50 | J11: 0.58 | K11: 1.65 | L11: 13.1 | M11: 0.26
A12: 2.1 RP9 | B12: EXTRAÍDAS | D12: 45946 | E12: Por determinar | F12: Algasal | G12: MACROALGAS | H12: PROTOCOLO OCTUBRE 2025 | I12: 100 | J12: 0.93 | K12: 1.31 | L12: 6 | M12: 0.06
A13: 2.1_MARZO_ALGASAL | B13: Extraídas | D13: 45756 | E13: Eucariota | F13: ALGASAL | G13: Macroalgas | H13: PROTOCOLO MAYO 2025 | I13: 50 | J13: 187.95426 | K13: 1.8993802 | L13: 1.8861313 | M13: =IF(E13="Procariota", IF(J13<=10,3, IF(J13<=30,2, IF(J13<=100,1, IF(J13<=200,"1:10", IF(J13<=400,"1:20","Fuera de rango") ) ) ) ), IF(E13="Eucariota", IF(J13<=20,3, IF(J13<=60,2, IF(J13<=120,1, IF(J13<=200,"1:10", IF(J13>200,"1:20","Fuera de rango") ) ) ) ), "Error: Tipo inválido") ) -> 1:10
A14: 2.2 RP9 | B14: EXTRAÍDAS | D14: 45946 | E14: Por determinar | F14: Algasal | G14: MACROALGAS | H14: PROTOCOLO OCTUBRE 2025 | I14: 100 | J14: 0.91 | K14: 1.92 | L14: 16.4 | M14: 0.16
A15: 2.2_MARZO_ALGASAL | B15: Extraídas | D15: 45756 | E15: Eucariota | F15: ALGASAL | G15: Macroalgas | H15: PROTOCOLO MAYO 2025 | I15: 50 | J15: 2.8391351 | K15: 1.4034529 | L15: 2.215629 | M15: =IF(E15="Procariota", IF(J15<=10,3, IF(J15<=30,2, IF(J15<=100,1, IF(J15<=200,"1:10", IF(J15<=400,"1:20","Fuera de rango") ) ) ) ), IF(E15="Eucariota", IF(J15<=20,3, IF(J15<=60,2, IF(J15<=120,1, IF(J15<=200,"1:10", IF(J15>200,"1:20","Fuera de rango") ) ) ) ), "Error: Tipo inválido") ) -> 3
A16: 2.2RP7 | B16: Extraídas | D16: 45922 | E16: Eucariota | F16: ALGASAL | G16: Macroalgas | H16: PROTOCOLO MAYO 2025 | I16: 50 | J16: =(183.8+127.9)/2 -> 155.85 | K16: 2 | L16: 1.51 | M16: =IF(E16="Procariota", IF(J16<=10,3, IF(J16<=30,2, IF(J16<=100,1, IF(J16<=200,"1:10", IF(J16<=400,"1:20","Fuera de rango") ) ) ) ), IF(E16="Eucariota", IF(J16<=20,3, IF(J16<=60,2, IF(J16<=120,1, IF(J16<=200,"1:10", IF(J16>200,"1:20","Fuera de rango") ) ) ) ), "Error: Tipo inválido") ) -> 1:10
A17: 2.3 RP9 | B17: EXTRAÍDAS | D17: 45946 | E17: Por determinar | F17: Algasal | G17: MACROALGAS | H17: PROTOCOLO OCTUBRE 2025 | I17: 200 | J17: 1.06 | K17: 1.92 | L17: 253.4 | M17: 1.27
A18: 2.3_MARZO_ALGASAL | B18: Extraídas | D18: 45756 | E18: Eucariota | F18: ALGASAL | G18: Macroalgas | H18: PROTOCOLO MAYO 2025 | I18: 50 | J18: 4.1322533 | K18: 1.94634 | L18: 3.09 | M18: =IF(E18="Procariota", IF(J18<=10,3, IF(J18<=30,2, IF(J18<=100,1, IF(J18<=200,"1:10", IF(J18<=400,"1:20","Fuera de rango") ) ) ) ), IF(E18="Eucariota", IF(J18<=20,3, IF(J18<=60,2, IF(J18<=120,1, IF(J18<=200,"1:10", IF(J18>200,"1:20","Fuera de rango") ) ) ) ), "Error: Tipo inválido") ) -> 3
A19: 2.3RP7 | B19: Extraídas | D19: 45922 | E19: Eucariota | F19: ALGASAL | G19: Macroalgas | H19: PROTOCOLO MAYO 2025 | I19: 50 | J19: 117.3 | K19: 1.45 | L19: 2.0593004 | M19: =IF(E19="Procariota", IF(J19<=10,3, IF(J19<=30,2, IF(J19<=100,1, IF(J19<=200,"1:10", IF(J19<=400,"1:20","Fuera de rango") ) ) ) ), IF(E19="Eucariota", IF(J19<=20,3, IF(J19<=60,2, IF(J19<=120,1, IF(J19<=200,"1:10", IF(J19>200,"1:20","Fuera de rango") ) ) ) ), "Error: Tipo inválido") ) -> 1
A20: 2.4 RP9 | B20: EXTRAÍDAS | D20: 45946 | E20: Por determinar | F20: Algasal | G20: MACROALGAS | H20: PROTOCOLO OCTUBRE 2025 | I20: 200 | J20: 1.49 | K20: 2.02 | L20: 159.8 | M20: 0.8
A21: 2.4RP7 | B21: Extraídas | D21: 45922 | E21: Eucariota | F21: ALGASAL | G21: Macroalgas | H21: PROTOCOLO MAYO 2025 | I21: 50 | J21: 24.6 | K21: 1.48 | L21: 0.29 | M21: =IF(E21="Procariota", IF(J21<=10,3, IF(J21<=30,2, IF(J21<=100,1, IF(J21<=200,"1:10", IF(J21<=400,"1:20","Fuera de rango") ) ) ) ), IF(E21="Eucariota", IF(J21<=20,3, IF(J21<=60,2, IF(J21<=120,1, IF(J21<=200,"1:10", IF(J21>200,"1:20","Fuera de rango") ) ) ) ), "Error: Tipo inválido") ) -> 2
A22: 2.5RP7 | B22: Extraídas | D22: 45922 | E22: Eucariota | F22: ALGASAL | G22: Macroalgas | H22: PROTOCOLO MAYO 2025 | I22: 50 | J22: 54.3 | K22: 1.8 | L22: 0.76 | M22: =IF(E22="Procariota", IF(J22<=10,3, IF(J22<=30,2, IF(J22<=100,1, IF(J22<=200,"1:10", IF(J22<=400,"1:20","Fuera de rango") ) ) ) ), IF(E22="Eucariota", IF(J22<=20,3, IF(J22<=60,2, IF(J22<=120,1, IF(J22<=200,"1:10", IF(J22>200,"1:20","Fuera de rango") ) ) ) ), "Error: Tipo inválido") ) -> 2
A23: 3.1 RP9 | B23: EXTRAÍDAS | D23: 45946 | E23: Por determinar | F23: Algasal | G23: MACROALGAS | H23: PROTOCOLO OCTUBRE 2025 | I23: 200 | J23: 1.19 | K23: 1.96 | L23: 269.9 | M23: 1.35
A24: 3.1_MARZO_ALGASAL | B24: Extraídas | D24: 45756 | E24: Eucariota | F24: ALGASAL | G24: Macroalgas | H24: PROTOCOLO MAYO 2025 | I24: 50 | J24: 15.955773 | K24: 1.4521331 | L24: 0.80196457 | M24: =IF(E24="Procariota", IF(J24<=10,3, IF(J24<=30,2, IF(J24<=100,1, IF(J24<=200,"1:10", IF(J24<=400,"1:20","Fuera de rango") ) ) ) ), IF(E24="Eucariota", IF(J24<=20,3, IF(J24<=60,2, IF(J24<=120,1, IF(J24<=200,"1:10", IF(J24>200,"1:20","Fuera de rango") ) ) ) ), "Error: Tipo inválido") ) -> 3
A25: 3.2 RP9 | B25: EXTRAÍDAS | D25: 45946 | E25: Por determinar | F25: Algasal | G25: MACROALGAS | H25: PROTOCOLO OCTUBRE 2025 | I25: 200 | J25: 0.69 | K25: 1.83 | L25: 242.7 | M25: 1.21
A26: 3.2_MARZO_ALGASAL | B26: Extraídas | D26: 45756 | E26: Eucariota | F26: ALGASAL | G26: Macroalgas | H26: PROTOCOLO MAYO 2025 | I26: 50 | J26: 68.314876 | K26: 2.0435051 | L26: 1.7536485 | M26: =IF(E26="Procariota", IF(J26<=10,3, IF(J26<=30,2, IF(J26<=100,1, IF(J26<=200,"1:10", IF(J26<=400,"1:20","Fuera de rango") ) ) ) ), IF(E26="Eucariota", IF(J26<=20,3, IF(J26<=60,2, IF(J26<=120,1, IF(J26<=200,"1:10", IF(J26>200,"1:20","Fuera de rango") ) ) ) ), "Error: Tipo inválido") ) -> 1 | R26: 5
A27: 3.2RP7 | B27: Extraídas | D27: 45922 | E27: Eucariota | F27: ALGASAL | G27: Macroalgas | H27: PROTOCOLO MAYO 2025 | I27: 50 | J27: 349.2 | K27: 2.03 | L27: 1.96 | M27: =IF(E27="Procariota", IF(J27<=10,3, IF(J27<=30,2, IF(J27<=100,1, IF(J27<=200,"1:10", IF(J27<=400,"1:20","Fuera de rango") ) ) ) ), IF(E27="Eucariota", IF(J27<=20,3, IF(J27<=60,2, IF(J27<=120,1, IF(J27<=200,"1:10", IF(J27>200,"1:20","Fuera de rango") ) ) ) ), "Error: Tipo inválido") ) -> 1:20
A28: 3.3 RP9 | B28: EXTRAÍDAS | D28: 45946 | E28: Por determinar | F28: Algasal | G28: MACROALGAS | H28: PROTOCOLO OCTUBRE 2025 | I28: 200 | J28: 0.98 | K28: 1.9 | L28: 175.2 | M28: 0.88 | R28: 5
A29: 3.4 RP9 | B29: EXTRAÍDAS | D29: 45946 | E29: Por determinar | F29: Algasal | G29: MACROALGAS | H29: PROTOCOLO OCTUBRE 2025 | I29: 200 | J29: 1.72 | K29: 1.9 | L29: 125.1 | M29: 0.63 | R29: 5
A30: 3.5 RP9 | B30: EXTRAÍDAS | D30: 45946 | E30: Por determinar | F30: Algasal | G30: MACROALGAS | H30: PROTOCOLO OCTUBRE 2025 | I30: 200 | J30: 1.13 | K30: 1.93 | L30: 206.4 | M30: 1.03
A31: 3.6 RP9 | B31: EXTRAÍDAS | D31: 45946 | E31: Por determinar | F31: Algasal | G31: MACROALGAS | H31: PROTOCOLO OCTUBRE 2025 | I31: 200 | J31: 1.63 | K31: 2.03 | L31: 346.1 | M31: 1.73
A32: 3.6RP7 | B32: Extraídas | D32: 45922 | E32: Eucariota | F32: ALGASAL | G32: Macroalgas | H32: PROTOCOLO MAYO 2025 | I32: 50 | J32: 0.64 | K32: 1.61 | L32: 89.4 | M32: =IF(E32="Procariota", IF(L32<=10,3, IF(L32<=30,2, IF(L32<=100,1, IF(L32<=200,"1:10", IF(L32<=400,"1:20","Fuera de rango") ) ) ) ), IF(E32="Eucariota", IF(L32<=20,3, IF(L32<=60,2, IF(L32<=120,1, IF(L32<=200,"1:10", IF(L32>200,"1:20","Fuera de rango") ) ) ) ), "Error: Tipo inválido") ) -> 1
A33: A1.1_EUKA | B33: Extraídas | D33: 45756 | E33: Eucariota | F33: ALGASAL | G33: Macroalgas | H33: PROTOCOLO MAYO 2025 | I33: 50 | J33: =(11.5582467974799+13.3)/2 -> 12.429123 | K33: 1.9194325 | L33: 1.7755944 | M33: =IF(E33="Procariota", IF(J33<=10,3, IF(J33<=30,2, IF(J33<=100,1, IF(J33<=200,"1:10", IF(J33<=400,"1:20","Fuera de rango") ) ) ) ), IF(E33="Eucariota", IF(J33<=20,3, IF(J33<=60,2, IF(J33<=120,1, IF(J33<=200,"1:10", IF(J33>200,"1:20","Fuera de rango") ) ) ) ), "Error: Tipo inválido") ) -> 3
A34: A1.2_EUKA | B34: Extraídas | D34: 45756 | E34: Eucariota | F34: ALGASAL | G34: Macroalgas | H34: PROTOCOLO MAYO 2025 | I34: 50 | J34: 82.806102 | K34: 2.0541252 | L34: 2.2283732 | M34: =IF(E34="Procariota", IF(J34<=10, 3, IF(J34<=50, 2, IF(J34<=100, 2, IF(J34<=200, 2, 2)))), IF(E34="eucariotas", IF(J34<=10, 3, IF(J34<=50, 2, IF(J34<=100, 2, IF(J34<=200, 1, 1)))), "Error: Tipo inválido")) -> Error: Tipo inválido
A35: A1.3_EUKA | B35: Extraídas | D35: 45756 | E35: Eucariota | F35: ALGASAL | G35: Macroalgas | H35: PROTOCOLO MAYO 2025 | I35: 50 | J35: 3.9049377 | K35: 3.2059486 | L35: 0.85636544 | M35: =IF(E35="Procariota", IF(J35<=10, 3, IF(J35<=50, 2, IF(J35<=100, 2, IF(J35<=200, 2, 2)))), IF(E35="eucariotas", IF(J35<=10, 3, IF(J35<=50, 2, IF(J35<=100, 2, IF(J35<=200, 1, 1)))), "Error: Tipo inválido")) -> Error: Tipo inválido
A36: A2.1_EUKA | B36: Extraídas | D36: 45756 | E36: Eucariota | F36: ALGASAL | G36: Macroalgas | H36: PROTOCOLO MAYO 2025 | I36: 50 | J36: 187.95426 | K36: 1.8993802 | L36: 1.8861313 | M36: =IF(E36="Procariota", IF(J36<=10, 3, IF(J36<=50, 2, IF(J36<=100, 2, IF(J36<=200, 2, 2)))), IF(E36="eucariotas", IF(J36<=10, 3, IF(J36<=50, 2, IF(J36<=100, 2, IF(J36<=200, 1, 1)))), "Error: Tipo inválido")) -> Error: Tipo inválido
A37: A2.2_EUKA | B37: Extraídas | D37: 45756 | E37: Eucariota | F37: ALGASAL | G37: Macroalgas | H37: PROTOCOLO MAYO 2025 | I37: 50 | J37: 2.8391351 | L37: 2.215629 | M37: =IF(E37="Procariota", IF(J37<=10, 3, IF(J37<=50, 2, IF(J37<=100, 2, IF(J37<=200, 2, 2)))), IF(E37="eucariotas", IF(J37<=10, 3, IF(J37<=50, 2, IF(J37<=100, 2, IF(J37<=200, 1, 1)))), "Error: Tipo inválido")) -> Error: Tipo inválido
A38: A3.1_EUKA | B38: Extraídas | D38: 45756 | E38: Eucariota | F38: ALGASAL | G38: Macroalgas | H38: PROTOCOLO MAYO 2025 | I38: 50 | J38: 4.1322533 | K38: 1.94634 | L38: 2.0593004
A39: A3.2_EUKA | B39: Extraídas | D39: 45756 | E39: Eucariota | F39: ALGASAL | G39: Macroalgas | H39: PROTOCOLO MAYO 2025 | I39: 50 | J39: 15.955773 | K39: 1.4521331 | L39: 0.80196457
A40: Agüimes 1 | B40: EXTRAÍDAS | D40: 45947 | E40: Por determinar | F40: CALYPSO-biocrust | G40: ambiental | H40: PROTOCOLO OCTUBRE 2025 | I40: 100 | J40: 0.52 | K40: 1.5 | L40: 9.8 | M40: 0.1
A41: Agüimes 2 | B41: EXTRAÍDAS | D41: 45947 | E41: Por determinar | F41: CALYPSO-biocrust | G41: ambiental | H41: PROTOCOLO OCTUBRE 2025 | I41: 100 | J41: 0.62 | K41: 1.55 | L41: 28.9 | M41: 0.29
A42: Agüimes 3 | B42: EXTRAÍDAS | D42: 45947 | E42: Por determinar | F42: CALYPSO-biocrust | G42: ambiental | H42: PROTOCOLO OCTUBRE 2025 | I42: 100 | J42: 0.61 | K42: 1.56 | L42: 52.2 | M42: 0.52
A43: AH1A10_EUKB | B43: Extraídas | D43: 45756 | E43: Eucariota | F43: ALGASAL | G43: Microalgas | H43: PROTOCOLO MAYO 2025 | I43: 50 | J43: 68.314876 | K43: 2.0435051 | L43: 1.7536485
A44: AH1H12_EUKA | B44: Extraídas | D44: 45756 | E44: Eucariota | F44: ALGASAL | G44: Microalgas | H44: PROTOCOLO MAYO 2025 | I44: 50 | J44: 61.505678 | K44: 1.8913726 | L44: 1.7512908
A45: AL1_DS | B45: Extraídas | D45: 45756 | E45: Eucariota | F45: ALGASAL | G45: Macroalgas | H45: PROTOCOLO MAYO 2025 | I45: 50 | J45: 87.123963 | K45: 2.0611018 | L45: 1.9351585
A46: AL1_EUKA | B46: Extraídas | D46: 45756 | E46: Eucariota | F46: ALGASAL | G46: Macroalgas | H46: PROTOCOLO MAYO 2025 | I46: 50 | J46: 33.763076 | K46: 2.0647303 | L46: 1.6315116
A47: AL1_ITS1 | B47: Extraídas | D47: 45756 | E47: Eucariota | F47: ALGASAL | G47: Macroalgas | H47: PROTOCOLO MAYO 2025 | I47: 50 | J47: 41.363837 | K47: 2.0537532 | L47: 1.6904716
A48: AL1_rbcLaF | B48: Extraídas | D48: 45756 | E48: Eucariota | F48: ALGASAL | G48: Macroalgas | H48: PROTOCOLO MAYO 2025 | I48: 50 | J48: 220.51062 | K48: 1.8741782 | L48: 1.7617239
A49: AL1D_EUKA | B49: Extraídas | D49: 45756 | E49: Eucariota | F49: ALGASAL | G49: Macroalgas | H49: PROTOCOLO MAYO 2025 | I49: 50 | J49: 230.15984 | K49: 1.8657777 | L49: 2.0348684
A50: AL2DS | B50: Extraídas | D50: 45756 | E50: Eucariota | F50: ALGASAL | G50: Macroalgas | H50: PROTOCOLO MAYO 2025 | I50: 50 | J50: 230.15984 | K50: 1.8657777 | L50: 2.0348684 | N50: (2) Rep 50μl | Rep sin lisozima
A51: AL2ULVA | B51: Extraídas | D51: 45756 | E51: Eucariota | F51: ALGASAL | G51: Macroalgas | H51: PROTOCOLO MAYO 2025 | I51: 50 | J51: 33.763076 | K51: 2.0647303 | L51: 1.6315116 | N51: Fallo en extracción | O51: Repetir extracción
A52: AL2ULVAX2 | B52: Extraídas | D52: 45756 | E52: Eucariota | F52: ALGASAL | G52: Macroalgas | H52: PROTOCOLO MAYO 2025 | I52: 50 | J52: 41.363837 | K52: 2.0537532 | L52: 1.6904716 | N52: (2) Rep 50μl
A53: AL5 A11 | B53: EXTRAÍDAS | D53: 45966 | E53: Por determinar | F53: Algasal | G53: Microalgas | H53: PROTOCOLO OCTUBRE 2025 | I53: 50 | J53: 2.1 | K53: 2.04 | L53: 341.2 | M53: 6.82
A54: ALGASAL Punto 9 Oct | B54: EXTRAÍDAS | D54: 45947 | E54: Por determinar | F54: ALGASAL-AMB | G54: ambiental | H54: PROTOCOLO OCTUBRE 2025 | I54: 100 | J54: 0.55 | K54: 1.84 | L54: 6.6 | M54: 0.07
A55: BEA 0018 | B55: EXTRAÍDAS | D55: 45957 | E55: Eucariota | F55: CALYPSO | G55: Trebouxiophyceae | H55: PROTOCOLO OCTUBRE 2025 | I55: 100 | J55: 0.86 | K55: 23.06 | L55: 1.5 | M55: 0.02
A56: BEA 0021 | B56: Extraídas | D56: 2024 | E56: Procariota | F56: CALYPSO | G56: Cianobacterias | I56: 50 | J56: 0.90639163 | K56: 1.8691214 | L56: 31.528744
A57: BEA 0024 | B57: Extraídas | D57: 2024 | E57: Procariota | F57: CALYPSO | G57: Cianobacterias | I57: 50 | J57: 1.7749198 | K57: 1.9868828 | L57: 808.56785
A58: BEA 0028 | B58: Extraídas | D58: 2024 | E58: Procariota | F58: CALYPSO | G58: Cianobacterias | I58: 50 | J58: 0.6899236 | K58: 1.8444431 | L58: 85.88696
A59: BEA 0044B | B59: RECIBIDAS | D59: 46000 | E59: Eucariota | F59: CALYPSO | G59: Chlorophyceae | M59: #DIV/0! | O59: Muestras Virgi
A60: BEA 0061 | B60: RECIBIDAS | D60: 46000 | E60: Eucariota | F60: CALYPSO | G60: Trebouxiophyceae | M60: #DIV/0! | O60: Muestras Virgi
A61: BEA 0076 | B61: Extraídas | D61: 2024 | E61: Procariota | F61: CALYPSO | G61: Cianobacterias | I61: 50 | J61: 0.1086091 | K61: 1.6303777 | L61: 8.6331007
A62: BEA 0079/1 | B62: EXTRAÍDAS | D62: 45957 | E62: Eucariota | F62: CALYPSO | G62: Chlorophyceae | H62: PROTOCOLO OCTUBRE 2025 | I62: 100 | J62: 0.55 | K62: 1.21 | L62: 0 | M62: 0
A63: BEA 0084 | B63: Extraídas | D63: 2024 | E63: Procariota | F63: CALYPSO | G63: Cianobacterias | I63: 50 | J63: 1.4140926 | K63: 1.8509483 | L63: 183.6388
A64: BEA 0084/3 2/4 | B64: EXTRAÍDAS | D64: 45947 | E64: Procariota | F64: CALYPSO | G64: Cyanobacteria | H64: PROTOCOLO OCTUBRE 2025 | I64: 100 | J64: 1.4 | K64: 1.86 | L64: 368.3 | M64: 3.68
A65: BEA 0129B | B65: RECIBIDAS | D65: 46000 | E65: Eucariota | F65: CALYPSO | G65: Chlorophyceae | M65: #DIV/0! | O65: Muestras Virgi
A66: BEA 0139 | B66: RECIBIDAS | D66: 46000 | E66: Eucariota | F66: CALYPSO | G66: Trebouxiophyceae | M66: #DIV/0! | O66: Muestras Virgi
A67: BEA 0143/1 | B67: RECIBIDAS | D67: 46000 | E67: Eucariota | F67: CALYPSO | G67: Chlorophyceae | M67: #DIV/0! | O67: Muestras Virgi
A68: BEA 0148B | B68: EXTRAÍDAS | D68: 45957 | E68: Eucariota | F68: CALYPSO | G68: Chlorophyceae | H68: PROTOCOLO OCTUBRE 2025 | I68: 100 | J68: 0.1 | K68: 0.16 | L68: 0 | M68: 0
A69: BEA 0170B | B69: RECIBIDAS | D69: 46000 | E69: Eucariota | F69: CALYPSO | G69: Chlorophyceae | M69: #DIV/0! | O69: Muestras Virgi
A70: BEA 0171B | B70: RECIBIDAS | D70: 46000 | E70: Eucariota | F70: CALYPSO | G70: Chlorophyceae | M70: #DIV/0! | O70: Muestras Virgi
A71: BEA 0172B | B71: RECIBIDAS | D71: 46000 | E71: Eucariota | F71: CALYPSO | G71: Chlorophyceae | M71: #DIV/0! | O71: Muestras Virgi
A72: BEA 0176 | B72: EXTRAÍDAS | D72: 45957 | E72: Eucariota | F72: CALYPSO | G72: Trebouxiophyceae | H72: PROTOCOLO OCTUBRE 2025 | I72: 100 | J72: 0.52 | K72: 1.89 | L72: 10.9 | M72: 0.11
A73: BEA 0176/1 | B73: EXTRAÍDAS | D73: 45957 | E73: Eucariota | F73: CALYPSO | G73: Trebouxiophyceae | H73: PROTOCOLO OCTUBRE 2025 | I73: 100 | J73: 0.4 | K73: 5.88 | L73: 2.7 | M73: 0.03
A74: BEA 0176/2 | B74: EXTRAÍDAS | D74: 45957 | E74: Eucariota | F74: CALYPSO | G74: Trebouxiophyceae | H74: PROTOCOLO OCTUBRE 2025 | I74: 100 | J74: 0.75 | K74: 3.52 | L74: 4.1 | M74: 0.04
A75: BEA 0278B | B75: EXTRAÍDAS | D75: 45957 | E75: Eucariota | F75: CALYPSO | G75: Trebouxiophyceae | H75: PROTOCOLO OCTUBRE 2025 | I75: 100 | J75: 0.42 | K75: 2.37 | L75: 5.5 | M75: 0.06 | N75: Consultar a Belén
A76: BEA 0283 | B76: EXTRAÍDAS | D76: 45957 | E76: Eucariota | F76: CALYPSO | G76: Trebouxiophyceae | H76: PROTOCOLO OCTUBRE 2025 | I76: 100 | J76: 0.37 | K76: 2.36 | L76: 4.5 | M76: 0.05
A77: BEA 0297B | B77: RECIBIDAS | D77: 46000 | E77: Eucariota | F77: CALYPSO | G77: Trebouxiophyceae | M77: #DIV/0! | O77: Muestras Virgi
A78: BEA 0301B | B78: EXTRAÍDAS | D78: 45947 | E78: Procariota | F78: CALYPSO | G78: Cyanobacteria | H78: PROTOCOLO OCTUBRE 2025 | I78: 50 | J78: 2.32 | K78: 1.92 | L78: 103.4 | M78: 2.07
A79: BEA 0328 | B79: RECIBIDAS | D79: 46000 | E79: Eucariota | F79: CALYPSO | G79: Chlorophyceae | M79: #DIV/0! | O79: Muestras Virgi
A80: BEA 0331 | B80: RECIBIDAS | D80: 46000 | E80: Eucariota | F80: CALYPSO | G80: Chlorophyceae | M80: #DIV/0! | O80: Muestras Virgi
A81: BEA 0334 | B81: RECIBIDAS | D81: 46000 | E81: Eucariota | F81: CALYPSO | G81: Chlorophyceae | M81: #DIV/0! | O81: Muestras Virgi
A82: BEA 0335 | B82: RECIBIDAS | D82: 46000 | E82: Eucariota | F82: CALYPSO | G82: Chlorophyceae | M82: #DIV/0! | O82: Muestras Virgi
A83: BEA 0338 | B83: EXTRAÍDAS | D83: 45957 | E83: Eucariota | F83: CALYPSO | G83: Trebouxiophyceae | H83: PROTOCOLO OCTUBRE 2025 | I83: 100 | J83: 0.51 | K83: 3.29 | L83: 1.8 | M83: 0.02
A84: BEA 0343B | B84: EXTRAÍDAS | D84: 45979 | E84: Eucariota | F84: CALYPSO | G84: Trebouxiophyceae | H84: PROTOCOLO OCTUBRE 2025 | I84: 50 | J84: 1.43 | K84: 1.85 | L84: 133.6 | M84: 2.67
A85: BEA 0349B | B85: EXTRAÍDAS | D85: 45979 | E85: Eucariota | F85: CALYPSO | G85: Trebouxiophyceae | H85: PROTOCOLO OCTUBRE 2025 | I85: 50 | J85: 1.8 | K85: 1.87 | L85: 69.1 | M85: 1.38
A86: BEA 0360B | B86: EXTRAÍDAS | D86: 45968 | E86: Eucariota | F86: CALYPSO | G86: Trebouxiophyceae | H86: PROTOCOLO OCTUBRE 2025 | I86: 50 | J86: 1.06 | K86: 2.17 | L86: 14.4 | M86: 0.29
A87: BEA 0363 | B87: EXTRAÍDAS | D87: 45957 | E87: Eucariota | F87: CALYPSO | G87: Chlorophyceae | H87: PROTOCOLO OCTUBRE 2025 | I87: 100 | J87: -0.17 | K87: 0.33 | L87: 0 | M87: 0
A88: BEA 0383 | B88: RECIBIDAS | D88: 46000 | E88: Eucariota | F88: CALYPSO | G88: Chlorophyceae | M88: #DIV/0! | O88: Muestras Virgi
A89: BEA 0384 | B89: RECIBIDAS | D89: 46000 | E89: Eucariota | F89: CALYPSO | G89: Chlorophyceae | M89: #DIV/0! | O89: Muestras Virgi
A90: BEA 0409B | B90: EXTRAÍDAS | D90: 45968 | E90: Eucariota | F90: CALYPSO | G90: Chlorophyceae | H90: PROTOCOLO OCTUBRE 2025 | I90: 50 | J90: 0.67 | K90: 1.67 | L90: 2.5 | M90: 0.05
A91: BEA 0411 | B91: EXTRAÍDAS | D91: 45957 | E91: Eucariota | F91: CALYPSO | G91: Chlorophyceae | H91: PROTOCOLO OCTUBRE 2025 | I91: 100 | J91: 3.55 | K91: 2.9 | L91: 4.9 | M91: 0.05
A92: BEA 0413 | B92: RECIBIDAS | D92: 46000 | E92: Eucariota | F92: CALYPSO | G92: Chlorophyceae | M92: #DIV/0! | O92: Muestras Virgi
A93: BEA 0443 | B93: EXTRAÍDAS | D93: 45957 | E93: Eucariota | F93: CALYPSO | G93: Chlorophyceae | H93: PROTOCOLO OCTUBRE 2025 | I93: 100 | J93: 2.17 | K93: 4.91 | L93: 2.5 | M93: 0.03
A94: BEA 0443 | B94: RECIBIDAS | D94: 46000 | E94: Eucariota | F94: CALYPSO | G94: Chlorophyceae | M94: #DIV/0! | O94: Muestras Virgi
A95: BEA 0448 | B95: RECIBIDAS | D95: 46000 | E95: Eucariota | F95: CALYPSO | G95: Trebouxiophyceae | M95: #DIV/0! | O95: Muestras Virgi
A96: BEA 0536 | B96: EXTRAÍDAS | D96: 45957 | E96: Eucariota | F96: CALYPSO | G96: Chlorophyceae | H96: PROTOCOLO OCTUBRE 2025 | I96: 100 | J96: 1 | K96: 2.94 | L96: 3.3 | M96: 0.03
A97: BEA 0536B | B97: RECIBIDAS | D97: 46000 | E97: Eucariota | F97: CALYPSO | G97: Chlorophyceae | M97: #DIV/0! | O97: Muestras Virgi
A98: BEA 0540B | B98: Extraídas | D98: 2024 | E98: Procariota | F98: CALYPSO | G98: Cianobacterias | I98: 50 | J98: 1.0531983 | K98: 1.8536725 | L98: 133.1562
A99: BEA 0556 | B99: RECIBIDAS | D99: 46000 | E99: Eucariota | F99: CALYPSO | G99: Chlorophyceae | M99: #DIV/0! | O99: Muestras Virgi
A100: BEA 0559 | B100: RECIBIDAS | D100: 46000 | E100: Eucariota | F100: CALYPSO | G100: Chlorophyceae | M100: #DIV/0! | O100: Muestras Virgi
...

Sheet PCRs
A1: Codigo | B1: Resultado | C1: Proyecto | D1: Primer | E1: PCR | F1: Fecha_PCR | G1: FechaPCRREPETIDA | H1: Observaciones | I1: PLACA | J1: FechaenvíoPlaca
A2: 1.1 | B2: NEGATIVO | C2: Sanger_ALGASAL | D2: ITS1/ITS4 | E2: 16 | F2: 45833 | G2: - | H2: SECUENCIADA | I2: - | J2: -
A3: 1.1MARZOALGASAL | B3: NEGATIVO | C3: Sanger_ALGASAL | D3: TufA4/R | E3: 24 | F3: 45951 | H3: SECUENCIADA
A4: 1.1MARZOALGASAL | B4: NEGATIVO | C4: Sanger_ALGASAL | D4: SSU/ITS4 | E4: 25 | F4: 45953 | H4: SECUENCIADA
A5: 1.1 | B5: POSITIVO | C5: Sanger_ALGASAL | D5: rbcLaF/LaR | E5: 17 | F5: 45833 | G5: 45905 | H5: ACEPTADO | I5: 2 | J5: 45910
A6: 1.1MARZO | B6: NEGATIVO | C6: Sanger_ALGASAL | D6: SSU/ITS4 | E6: 27 | F6: 45958 | H6: SECUENCIADA
A7: 1.1x2 | B7: NEGATIVO | C7: Sanger_ALGASAL | D7: rbcLaF/LaR | E7: 17 | F7: 45833 | G7: - | H7: SECUENCIADA | I7: - | J7: -
A8: 1.1x2 | B8: POSITIVO | C8: Sanger_ALGASAL | D8: TufA4/R | E8: 24 | F8: 45951 | H8: ACEPTADO | I8: 5
A9: 1.21 | B9: POSITIVO | C9: Sanger_ALGASAL | D9: ITS1/ITS4 | E9: 16 | F9: 45833 | G9: 45905 | H9: ACEPTADO | I9: 2 | J9: 45910
A10: 1.2 | B10: POSITIVO | C10: Sanger_ALGASAL | D10: rbcLaF/LaR | E10: 17 | F10: 45833 | G10: 45905 | H10: ACEPTADO | I10: 2 | J10: 45910
A11: 1.3 | B11: NEGATIVO | C11: Sanger_ALGASAL | D11: ITS1/ITS4 | E11: 16 | F11: 45833 | G11: - | H11: SECUENCIADA | I11: - | J11: -
A12: 1.3MARZOALGASAL | B12: NEGATIVO | C12: Sanger_ALGASAL | D12: SSU/ITS4 | E12: 25 | F12: 45953 | H12: SECUENCIADA
A13: 1.3MARZO | B13: POSITIVO | C13: Sanger_ALGASAL | D13: TufA4/R | E13: 24 | F13: 45951 | H13: ACEPTADO | I13: 5
A14: 1.3 | B14: POSITIVO | C14: Sanger_ALGASAL | D14: rbcLaF/LaR | E14: 17 | F14: 45833 | G14: 45905 | H14: ACEPTADO | I14: 2 | J14: 45910
A15: 1.3MARZO | B15: POSITIVO | C15: Sanger_ALGASAL | D15: SSU/ITS4 | E15: 27 | F15: 45958 | H15: ACEPTADO | I15: 5
A16: 2.11 | B16: POSITIVO | C16: Sanger_ALGASAL | D16: ITS1/ITS4 | E16: 16 | F16: 45833 | G16: 45905 | H16: ACEPTADO | I16: 2 | J16: 45910
A17: 2.1 | B17: POSITIVO | C17: Sanger_ALGASAL | D17: rbcLaF/LaR | E17: 17 | F17: 45833 | G17: 45905 | H17: ACEPTADO | I17: 2 | J17: 45910
A18: 2.2 | B18: NEGATIVO | C18: Sanger_ALGASAL | D18: ITS1/ITS4 | E18: 16 | F18: 45833 | G18: - | H18: SECUENCIADA | I18: - | J18: -
A19: 2.2MARZOALGASAL | B19: NEGATIVO | C19: Sanger_ALGASAL | D19: TufA4/R | E19: 24 | F19: 45951 | H19: SECUENCIADA
A20: 2.2MARZOALGASAL | B20: NEGATIVO | C20: Sanger_ALGASAL | D20: SSU/ITS4 | E20: 25 | F20: 45953 | H20: SECUENCIADA
A21: 2.2 | B21: NEGATIVO | C21: Sanger_ALGASAL | D21: rbcLaF/LaR | E21: 17 | F21: 45833 | G21: - | H21: SECUENCIADA | I21: - | J21: -
A22: 2.2MARZO | B22: NEGATIVO | C22: Sanger_ALGASAL | D22: SSU/ITS4 | E22: 27 | F22: 45958 | H22: SECUENCIADA
A23: 2.3 | B23: NEGATIVO | C23: Sanger_ALGASAL | D23: ITS1/ITS4 | E23: 16 | F23: 45833 | G23: - | H23: SECUENCIADA | I23: - | J23: -
A24: 2.3MARZOALGASAL | B24: NEGATIVO | C24: Sanger_ALGASAL | D24: TufA4/R | E24: 24 | F24: 45951 | H24: SECUENCIADA
A25: 2.3MARZOALGASAL | B25: NEGATIVO | C25: Sanger_ALGASAL | D25: SSU/ITS4 | E25: 25 | F25: 45953 | H25: SECUENCIADA
A26: 2.3 | B26: NEGATIVO | C26: Sanger_ALGASAL | D26: rbcLaF/LaR | E26: 17 | F26: 45833 | G26: - | H26: SECUENCIADA | I26: - | J26: -
A27: 2.3MARZO | B27: NEGATIVO | C27: Sanger_ALGASAL | D27: SSU/ITS4 | E27: 27 | F27: 45958 | H27: SECUENCIADA
A28: 3.1 | B28: NEGATIVO | C28: Sanger_ALGASAL | D28: ITS1/ITS4 | E28: 16 | F28: 45833 | G28: - | H28: SECUENCIADA | I28: - | J28: -
A29: 3.1MARZOALGASAL | B29: NEGATIVO | C29: Sanger_ALGASAL | D29: TufA4/R | E29: 24 | F29: 45951 | H29: SECUENCIADA
A30: 3.1MARZOALGASAL | B30: NEGATIVO | C30: Sanger_ALGASAL | D30: SSU/ITS4 | E30: 25 | F30: 45953 | H30: SECUENCIADA
A31: 3.1MARZO | B31: NEGATIVO | C31: Sanger_ALGASAL | D31: SSU/ITS4 | E31: 27 | F31: 45958 | H31: SECUENCIADA
A32: 3.2 | B32: NEGATIVO | C32: Sanger_ALGASAL | D32: ITS1/ITS4 | E32: 16 | F32: 45833 | G32: - | H32: SECUENCIADA | I32: - | J32: -
A33: 3.2 | B33: NEGATIVO | C33: Sanger_ALGASAL | D33: rbcLaF/LaR | E33: 17 | F33: 45833 | G33: - | H33: SECUENCIADA | I33: - | J33: -
A34: A1.1 | B34: POSITIVO | C34: Sanger_ALGASAL | D34: EUKA/EUKB | E34: 1 | F34: 45817 | G34: - | H34: ACEPTADO | I34: 1 | J34: 45824
A35: A1.2 | B35: POSITIVO | C35: Sanger_ALGASAL | D35: EUKA/EUKB | E35: 1 | F35: 45817 | G35: - | H35: ACEPTADO | I35: 1 | J35: 45824
A36: A1.3 | B36: POSITIVO | C36: Sanger_ALGASAL | D36: EUKA/EUKB | E36: 1 | F36: 45817 | G36: - | H36: ACEPTADO | I36: 1 | J36: 45824
A37: A2.1 | B37: POSITIVO | C37: Sanger_ALGASAL | D37: EUKA/EUKB | E37: 1 | F37: 45817 | G37: - | H37: ACEPTADO | I37: 1 | J37: 45824
A38: A2.2 | B38: NEGATIVO | C38: Sanger_ALGASAL | D38: EUKA/EUKB | E38: 1 | F38: 45817 | G38: - | H38: SECUENCIADA | I38: - | J38: -
A39: A2.3 | B39: NEGATIVO | C39: Sanger_ALGASAL | D39: EUKA/EUKB | E39: 1 | F39: 45818 | G39: - | H39: SECUENCIADA | I39: - | J39: -
A40: A3.1 | B40: NEGATIVO | C40: Sanger_ALGASAL | D40: EUKA/EUKB | E40: 1 | F40: 45817 | G40: - | H40: SECUENCIADA | I40: - | J40: -
A41: A3.2 | B41: POSITIVO | C41: Sanger_ALGASAL | D41: EUKA/EUKB | E41: 1 | F41: 45817 | G41: - | H41: SECUENCIADA | I41: 1 | J41: 45824
A42: AH1A10 | B42: POSITIVO | C42: Sanger-FELICIANA | D42: 27F/1494R | E42: 4 | F42: 45817 | G42: - | H42: ACEPTADO | I42: 1 | J42: 45824
A43: AH1H12 | B43: POSITIVO | C43: Sanger-FELICIANA | D43: 27F/1494R | E43: 4 | F43: 45817 | G43: - | H43: ACEPTADO | I43: 1 | J43: 45824
A44: AL12 | B44: POSITIVO | C44: Sanger_ALGASAL | D44: EUKA/EUKB | E44: 5 | F44: 45820 | G44: - | H44: ACEPTADO | I44: 1 | J44: 45824
A45: AL11Dx2 | B45: POSITIVO | C45: Sanger_ALGASAL | D45: EUKA/EUKB | E45: 5 | F45: 45820 | G45: - | H45: ACEPTADO | I45: 1 | J45: 45824
A46: AL1 | B46: POSITIVO | C46: Sanger_ALGASAL | D46: EUKA/EUKB | E46: 5 | F46: 45820 | G46: - | H46: ACEPTADO | I46: 1 | J46: 45824
A47: AL11 | B47: POSITIVO | C47: Sanger_ALGASAL | D47: ITS1/ITS4 | E47: 16 | F47: 45833 | G47: 45905 | H47: ACEPTADO | I47: 2 | J47: 45910
A48: AL1 | B48: POSITIVO | C48: Sanger_ALGASAL | D48: rbcLaF/LaR | E48: 17 | F48: 45833 | G48: 45905 | H48: ACEPTADO | I48: 2 | J48: 45910
A49: AL1D | B49: POSITIVO | C49: Sanger_ALGASAL | D49: EUKA/EUKB | E49: 5 | F49: 45820 | G49: - | H49: ACEPTADO | I49: 1 | J49: 45824
A50: AL5A11 | B50: POSITIVO | C50: Sanger_ALGASAL | D50: 18S001F_18S13R | E50: 35 | F50: 45994 | H50: ACEPTADO | I50: 7 | K50: PCR DMSO 5% BSA Y [DNA] 30-46
A51: AL5A11B | B51: NEGATIVO | C51: Sanger_ALGASAL | D51: EUKA/EUKB | E51: 29 | F51: 45986 | H51: SECUENCIADA | K51: PCR 29 30 31 REPETIDA AJUSTANDO ADN CON BSA Y DMSO 5, AJUSTANDO TERMOCICLADOR A CADA PRIMER CARPETA 2025
A52: AL5A11B | B52: NEGATIVO | C52: Sanger-colección | D52: Euka/eukb | E52: 33 | F52: 45989 | H52: SECUENCIADA
A53: AL5A11 | B53: POSITIVO | C53: Sanger_ALGASAL | D53: rbcLaF/LaR | E53: 31 | F53: 45986 | H53: SECUENCIADA | I53: 6 | K53: PCR 29 30 31 REPETIDA AJUSTANDO ADN CON BSA Y DMSO 5, AJUSTANDO TERMOCICLADOR A CADA PRIMER CARPETA 2064
A54: AL5A11 | B54: POSITIVO | C54: Sanger_ALGASAL | D54: rbcLaF/LaR | E54: 33_DMSO_BSA_AJUSTE | F54: 45989 | H54: ACEPTADO | I54: 7
A55: AL5A11 | B55: NEGATIVO | C55: Sanger_ALGASAL | D55: SSU/ITS4 | E55: 30 | F55: 45986 | H55: SECUENCIADA | K55: PCR 29 30 31 REPETIDA AJUSTANDO ADN CON BSA Y DMSO 5, AJUSTANDO TERMOCICLADOR A CADA PRIMER CARPETA 2044
A56: BEA0008 | B56: NEGATIVO | C56: Sanger-colección | D56: 359F_1494 | E56: 32 | F56: 45987 | H56: SECUENCIADA | K56: PCR 32 PENDIENTE REPETIR CON BSA , DMSO Y REVISANDO [] DNA
A57: BEA0008 | B57: POSITIVO | C57: Sanger-colección | D57: 359F_1494R | E57: 34 | F57: 45992 | H57: ACEPTADO | I57: 6 | K57: PCR DMSO 5% BSA Y [DNA] 35
A58: BEA0037 | B58: NEGATIVO | C58: Sanger-Colección | D58: 27F/1494R | E58: 13 | F58: 45824 | G58: - | H58: Secuenciada | I58: - | J58: -
A59: BEA0037 | B59: POSITIVO | C59: Sanger-Colección | D59: 781F/23S03R | E59: 19 | F59: 45865 | G59: 45905 | H59: Secuenciada
A60: BEA0088 | B60: NEGATIVO | C60: Sanger-Colección | D60: 27F/1494R | E60: 19 | F60: 45865 | G60: - | H60: Secuenciada | I60: - | J60: -
A61: BEA0088 | B61: NEGATIVO | C61: Sanger-Colección | D61: 27F/1494R | E61: 19 | F61: 45865 | G61: - | H61: SECUENCIADA | I61: - | J61: -
A62: BEA0089 | B62: POSITIVO | C62: Sanger-Colección | D62: 27F/1494R | E62: 23 | F62: 45938 | H62: ACEPTADO | I62: 4 | J62: 45944
A63: BEA0089 | B63: POSITIVO | C63: Sanger-colección | D63: 359F_1494R | E63: 34 | F63: 45992 | H63: ACEPTADO | I63: 6 | K63: PCR DMSO 5% BSA Y [DNA] 35
A64: BEA0095 | B64: POSITIVO | C64: Sanger-Colección | D64: 781F/23S03R | E64: 19 | F64: 45865 | G64: 45905 | H64: Secuenciada
A65: BEA0098 | B65: NEGATIVO | C65: Sanger-colección | D65: 359F_1494 | E65: 32 | F65: 45987 | H65: SECUENCIADA | K65: PCR 32 PENDIENTE REPETIR CON BSA , DMSO Y REVISANDO [] DNA
A66: BEA0247 | B66: POSITIVO | C66: Sanger-PDI | D66: 781F/23S03R | E66: 19 | F66: 45865 | G66: Enviar ITS | H66: ACEPTADO | I66: 5
A67: BEA0297 | B67: POSITIVO | C67: Sanger-Salvador | D67: ITS_SSU/ITS4T | E67: 20 | F67: 45912 | H67: ACEPTADO | I67: 4 | J67: 45944
A68: BEA02972 | B68: POSITIVO | C68: Sanger-Salvador | D68: ITS_SSU/ITS4T | E68: 20 | F68: 45912 | G68: Relizar región ITS | H68: SECUENCIADA
A69: BEA0300 | B69: POSITIVO | C69: Sanger-Colección | D69: 27F/1494R | E69: 6 | F69: 45821 | G69: - | H69: ACEPTADO | I69: 1 | J69: 45824
A70: BEA0300 | B70: NEGATIVO | C70: Sanger-Colección | D70: 27F/1494R | E70: 19 | F70: 45865 | G70: - | H70: SECUENCIADA | J70: -
A71: BEA0300 | B71: NEGATIVO | C71: Sanger-Colección | D71: 27F/1494R | E71: 19 | F71: 45865 | G71: - | H71: SECUENCIADA | J71: -
A72: BEA0300 | B72: POSITIVO | C72: Sanger-Colección | D72: 27F/1494R | E72: 6 | F72: 45821 | G72: - | H72: ACEPTADO | I72: 1 | J72: 45824
A73: BEA0300 | B73: POSITIVO | C73: Sanger-Colección | D73: 27F/1494R | E73: 6 | F73: 45821 | G73: - | H73: ACEPTADO | I73: 1 | J73: 45824
A74: BEA0300 | B74: POSITIVO | C74: Sanger-PDI | D74: 781f/23S03R | E74: 19 | F74: 45865 | G74: 45848 | H74: ACEPTADO | I74: 2 | J74: 45910
A75: BEA0300ITS | B75: NEGATIVO | C75: Sanger-Colección | D75: 27F/1494R | E75: 19 | F75: 45865 | G75: - | H75: SECUENCIADA | J75: -
A76: BEA0300X2 | B76: POSITIVO | C76: Sanger-PDI | D76: 781f/23S03R | E76: 19 | F76: 45865 | G76: 45848 | H76: ACEPTADO | I76: 2 | J76: 45910
A77: BEA0300X4 | B77: POSITIVO | C77: Sanger-PDI | D77: 781f/23S03R | E77: 19 | F77: 45865 | G77: 45848 | H77: ACEPTADO | I77: 2 | J77: 45910
A78: BEA0431 | B78: POSITIVO | C78: Sanger-Colección | D78: 781F/23S03R | E78: 19 | F78: 45865 | G78: 45905 | H78: Secuenciada | I78: realizar its
A79: BEA0431 | B79: POSITIVO | C79: Sanger-Colección | D79: 781F/23S03R | E79: 19 | F79: 45865 | G79: 45905 | H79: ACEPTADO | I79: 5
A80: BEA0441 | B80: POSITIVO | C80: Sanger-Salvador | D80: ITS_SSU/ITS4T | E80: 20 | F80: 45912 | H80: ACEPTADO | I80: 4 | J80: 45944
A81: BEA0456B | B81: POSITIVO | C81: Sanger_colección | D81: EUKA/EUKB | E81: 11 | F81: 45824 | H81: Secuenciada
A82: BEA0473 | B82: NEGATIVO | C82: Sanger-Colección | D82: 27F/1494R | E82: 6 | F82: 45821 | G82: - | H82: SECUENCIADA | I82: - | J82: -
A83: BEA0473 | B83: NEGATIVO | C83: Sanger-Colección | D83: 27F/1494R | E83: 19 | F83: 45865 | G83: - | H83: SECUENCIADA | I83: - | J83: -
A84: BEA0473 | B84: POSITIVO | C84: Sanger-Colección | D84: 27F/1494R | E84: 18 | F84: 45848 | G84: 45905 | H84: ACEPTADO | I84: 3 | J84: 45910
A85: BEA0473 | B85: POSITIVO | C85: Sanger-Colección | D85: 781F/23S03R | E85: 19 | F85: 45865 | G85: 45905 | H85: SECUENCIADA
A86: BEA0473X2 | B86: POSITIVO | C86: Sanger-PDI | D86: 781f/23S03R | E86: 19 | F86: 45865 | G86: 45848 | H86: ACEPTADO | I86: 2 | J86: 45910
A87: BEA0478 | B87: POSITIVO | C87: Sanger-PDI | D87: 781F/23S03R | E87: 19 | F87: 45865 | G87: 45905 | H87: ACEPTADO | I87: 5
A88: BEA0484 | B88: POSITIVO | C88: Sanger-Salvador | D88: ITS_SSU/ITS4T | E88: 20 | F88: 45912 | H88: ACEPTADO | I88: 4 | J88: 45944
A89: BEA0589 | B89: POSITIVO | C89: Sanger-Salvador | D89: ITS_SSU/ITS4T | E89: 20 | F89: 45912 | H89: ACEPTADO | I89: 4 | J89: 45944
A90: BEA0742B | B90: POSITIVO | C90: Sanger-Colección | D90: EUKA/EUKB | E90: 22 | F90: 45936 | H90: ACEPTADO | I90: 4 | J90: 45944
A91: BEA0742B | B91: POSITIVO | C91: Sanger-Colección | D91: ITS1/ITS4 | E91: 22 | F91: 45936 | H91: ACEPTADO | I91: 4 | J91: 45944
A92: BEA0784 | B92: NEGATIVO | C92: Sanger-colección | D92: 359F_1494 | E92: 32 | F92: 45987 | H92: PEDIR MUESTRA | K92: PCR 32 PENDIENTE REPETIR CON BSA , DMSO Y REVISANDO [] DNA
A93: BEA0784 | B93: NEGATIVO | C93: Sanger-colección | D93: 359F_/1494r | E93: 34 | F93: 45992 | H93: Pedir muestra | K93: PCR DMSO 5% BSA Y [DNA] 35
A94: BEA0837 | B94: POSITIVO | C94: Sanger_colección | D94: EUKA/EUKB | E94: 11 | F94: 45824 | H94: Secuenciada
A95: BEA0850 | B95: POSITIVO | C95: Sanger-Colección | D95: 27F/1494R | E95: 5 | F95: 45817 | G95: - | H95: ACEPTADO | I95: 1 | J95: 45824
A96: BEA0852 | B96: POSITIVO | C96: Sanger-PDI | D96: 781F/23S03R | E96: 19 | F96: 45865 | G96: 45905 | H96: REPETIR
A97: BEA0854 | B97: NEGATIVO | C97: Sanger-colección | D97: 359F_1494 | E97: 32 | F97: 45987 | H97: SECUENCIADA | K97: PCR 32 PENDIENTE REPETIR CON BSA , DMSO Y REVISANDO [] DNA
A98: BEA0854 | B98: POSITIVO | C98: Sanger-Colección | D98: 27F/1494R | E98: 13 | F98: 45824 | G98: 45905 | H98: ACEPTADO | I98: 3 | J98: 45910
A99: BEA0854 | B99: POSITIVO | C99: Sanger-colección | D99: 359F_1494R | E99: 34 | F99: 45992 | H99: ACEPTADO | I99: 6 | K99: PCR DMSO 5% BSA Y [DNA] 35
A100: BEA0906 | B100: POSITIVO | C100: Sanger-pdi | D100: 781F/23S03R | E100: 19 | F100: 45865 | G100: 45905 | H100: Secuenciada
...

Sheet Identificación genética
A1: Codigo | B1: Estado | C1: Placa | D1: Fecha_Placa | E1: Tipo | F1: PCR | G1: Primer | H1: Fecha_PCR | I1: Calidad secuencia | J1: PRIMER | K1: Resultado | L1: Fecha_análisis_secuencia | M1: Secuencia FASTA | N1: Observaciones
A2: A1.1 | B2: Finalizado | C2: PLACA 1 | D2: 45824 | E2: Sanger-ALGASAL | F2: 1 | G2: EUKA/EUKB | H2: 45817 | I2: BAJA CALIDAD | J2: CONJUNTO | K2: POSITIVO | L2: 45833 | M2: >A1_1_EUKAB_LOWQUALITY TTTGATGGTACCACACTACTCGGATAACCGTATTAAAGCTACAGCTAATACGTGCGCAACTCCCGACTCACGAAGGGACGTATTTATTATATTCAAGACCGACCGTGCTTGCACGTCTTTGGTGAATCATGGAAACTTCACGAATCGCAGGGTTTATCCCGGCGATGTTTCATTCAACTTTCTGCCCTATCAACTTTCGACGGGAGTATACAGGACTACCGTGGTGGTAACGGATGACGGAGGATTAGGGTTCGATTCCGGATAGGGAGCCTGATAAACGGCTACCACATCCAAGGAAGGCAGCAGGCCCGCAAATTACCCAATCCTGACACAGGGAGGTAGTGACAATAAATATCAATTCTGGGCCACATGGTCCGGTAATTGGAATGAGTACAATGTAAACACCTTAACGAGGATCCATTGGAGGGCAAGTCTGGTGCCAGCAGCCGCGGCAATTCCAGCTCCAATAACGTATATTTAAGTTGTTGCAGTTAAAAAGCTCGTACTTGGATTTCGGGTGGGACGCAGCGGTCTCGCATTGCGTTTGTACTGCTGCACCGCCTCCTTCTTGCCGGGGGGCGGCCCATCGGACTTCACTGTCTGGGGCGTCAGAATCGGCGATGTTACTGTGAGTAAATTAGAGTGTTCAAAGCAAGCGTACGCTCTGAATATAATAACATGGGATAACACCACAGGACTCTGGCCTATCTTGTTGGTCTATAAGACCAGAATAATGATTAATAG
A3: A1.2 | B3: Finalizado | C3: PLACA 1 | D3: 45824 | E3: Sanger-ALGASAL | F3: 1 | G3: EUKA/EUKB | H3: 45817 | I3: BUENA CALIDAD | J3: CONJUNTO | K3: POSITIVO | L3: 45833 | M3: >A1_2_EUKB GGCAATTTGGGCCAGCAGCCCGGTATTCCAGTTCCAATAGCGTATATTAAGTTTTGCAGTAAAAGCTCGTAGTGGATTTCGGGTGGACGCAGCGTCTCGCATGCGTTGTACTGCTGCAGCCCTCTTTTTGCCGGGGCGGCCCATCGGACTTCACTGTCTGGGGTCAGAATCGGCGATGTTACTTTGAGTAAATTAGAGTGTTCAAAGCAAGCTTACGCTCTGAATATAATAGCATGGGATAACACGACAGGACTCTGGCCTATCGTGTTGGTCTATAGGACCAGAGTAATGATTAAGAGGGACAGTCGGGGGCATTCGTATTCCGTTGTCAGAGGTGAAATTCTTGGATTTACGGAAGACGAACATCTGCGAAAGCATTTGCCAAGGATGTTTTCATTGATCAAGAACGAAAGTTGGGGGCTCGAAGACGATTAGATACCGTCGTAGTCTCAACCATAAACGATGCCGACTAGGGATTGGCGGGTGTTTTTTTGATGACTCCGCCAGCACCTCATGAGAAATCAAAGTTTTTGGGTTCCGGGGGGAGTATGGTCGCAAGGCTGAAACTTAAAGGAATTGACGGAAGGGCACCACCAGGCGTGGAGCCTGCGGCTTAATTTGACTCAACACGGGAAAACTTACCAGGTCCAGACATAGGAAGGATTGACAGATTGAGAGCTCTTTCTTGATTCTATGGGTGGTGGTGCATGGCCGTTCTTAGTTGGTGGGTTGCCTTGTCAGGTTGATTCCGGTAACGAACGAGACCTCAGCCTGCTAAATAGTGACGTCTGCTTCGGCAGTCGCGCGCTTCTTAGAGGGACTGTTGGCGTCTAGCCAATGGAAGTATGAGGCAATAACAGGTCTGTGATGCCCTTAGATGTTCTGGGCCGCACGCGCGCTACACTGATACGTTCAACGAGCTCCTTGACCGAGAGGTCCGGGTAATCTTTGAAACCGTATCGTGATGGGGATAGAACATTGCAATTATTGTTCTTCAACGAGGAATGCCTAGTAAGCGCGAGTCATCATCTCGCGTTGATTACGTCCCTGCCCTTTGTACACACCGCCCGTCGCTCCTACCGATTGAACGTGCTGGTGAAGCGTTAGGACTGGAACTTTGGGCCGGTCTCCTGCCCATCGTTTCGGGAATTTCGTAGAAC | N3: Filogenia
A4: A1.3 | B4: Finalizado | C4: PLACA 1 | D4: 45824 | E4: Sanger-ALGASAL | F4: 1 | G4: EUKA/EUKB | H4: 45817 | I4: BAJA CALIDAD | J4: CONJUNTO | K4: REPETIDO | L4: 45833 | M4: >A1_3_EUKA_lOQQC_DOBLESEQ CTGACGGCGACTGAGATTACGCCATGCATGTCTAGTATAAACCGTTTATACTGTAGAAACTGCGAAGGGCTCATTAAATCATTTAGATTTTATTTGATGGCCCCACACTACTCGGATAACCGTAATAAAGCTACAGCTAATACGTGCGTAACTCCCGACTTACGAAGGGACGTATTTATTAGATTCCCCCCGACCGTGCTTGCACGTCTTTGGTGAATCATGGGAACTTCACGAATCGCAGGGTCTATCCCGGCGATGTTTCATTCAACTTTCTGCCCTATCAACTTTCGACGGTGGTATAGAGGACTACCGTGGTGGTAACGGGTGACGGAGGATTAGGGTTCAATTCCGGACAGGGAGCCTGATAAACGGCTACCACATCCAAGGAAGGCAGCAAGCGCGCAAATTACCCAATCCTGACGCAGGGAGGTAGTGACAATAAATATCAATTCTGGGCCACTTGGTCCGGTAATTGGAATGATTACAACGCATACGCCTTAACCAGGATCCATTGGAGGGCGAGTCTGGTGCCCGCAGCCGCGGCAATTCCAGCTCCAATAACGTATATTTAAGTTGTTGCAGTTAAAAAACTCGTAGTTGGATTTCGTGTGGGACGCACCGGTCTCCCATTGCTGTTGTACTGCTGCAGCCCTCCTTCTTGCCGGGGGCGGCCCGTCGCACTTCACTGTCTGGGGGTCAGAGTCGGCGATGTTACTTTGAATAAATTAGAGTGTTCAAAGCAAGCTTACGCTCTGAATATAATTAGCAT | N4: Filogenia
A5: A2.1 | B5: Finalizado | C5: PLACA 1 | D5: 45824 | E5: Sanger-ALGASAL | F5: 1 | G5: EUKA/EUKB | H5: 45817 | I5: BUENA CALIDAD | J5: CONJUNTO | K5: POSITIVO | L5: 45833 | M5: >A2_1_EUKAB TGCATGTCTAAGTATAAACAGTTTATACTGTGAAACTGCGAATGGCTCATTAAATCAGTTAGAGTTTATTTGATGGTACCACACTACTCGGATAACCGTAGTAAAGCTACAGCTAATACGTGCGTAACTCCCGACTTACGAAGGGACGTATTTATTAGATTCAAGGCCGACCGTGCTTGCACGTCTTTGGTGAATCATGGTAACTTCACGAATCGCAGGGTTTATCCCGGCGATGTTTCATTCAACTTTCTGCCCTATCAACTTTCGACGGTAGTATAGAGGACTACCGTGGTGGTAACGGGTGACGGAGGATTAGGGTTCGATTCCGGAGAGGGAGCCTGAGAAACGGCTACCACATCCAAGGAAGGCAGCAGGCGCGCAAATTACCCAATCCTGACACAGGGAGGTAGTGACAATAAATATCAATTCTGGGCCACATGGTCCGGTAATTGGAATGAGTACAATGTAAACGCCTTAACGAGGATCCATTGGAGGGCAAGTCTGGTGCCAGCAGCCGCGGTAATTCCAGCTCCAATAGCGTATATTTAAGTTGTTGCAGTTAAAAAGCTCGTAGTTGGATTTCGGGTGGGACGCAGCGGTCTCGCATTGCGTTTGTACTGCTGCAGCCCTCCTTCTTGCCGGGGGCGGCCCATCGGACTTCACTGTCTGGGGGTCAGAATCGGCGATGTTACTTTGAGTAAATTAGAGTGTTCAAAGCAAGCTTACGCTCTGAATATAATAGCATGGGATAACACGACAGGACTCTGGCCTATCGTGTTGGTCTATAGGACCAGAGTAATGATTAAGAGGGACAGTCGGGGGCATTCGTATTCCGTTGTCAGAGGTGAAATTCTTGGATTTACGGAAGACGAACATCTGCGAAAGCATTTGCCAAGGATGTTTTCATTGATCAAGAACGAAAGTTGGGGGCTCGAAGACGATTAGATACCGTCGTAGTCTCAACCATAAACGATGCCGACTAGGGATTGGCGGGTGTTTTTTTGATGACTCCGCCAGCACCTCATGAGAAATCAAAGTTTTTGGGTTCCGGGGGGAGTATGGTCGCAAGGCTGAAACTTAAAGGAATTGACGGAAGGGCACCACCAGGCGTGGAGCCTGCGGCTTAATTTGACTCAACACGGGAAAACTTACCAGGTCCAGACATAGGAAGGATTGACAGATTGAGAGCTCTTTCTTGATTCTATGGGTGGTGGTGCATGGCCGTTCTTAGTTGGTGGGTTGCCTTGTCAGGTTGATTCCGGTAACGAACGAGACCTCAGCCTGCTAAATAGTGACGTCTGCTTCGGCAGTCGCGCGCTTCTTAGAGGGACTGTTGGCGTCTAGCCAATGGAAGTATGAGGCAATAACAGGTCTGTGATGCCCTTAGATGTTCTGGGCCGCACGCGCGCTACACTGATACGTTCAACGAGCTCCTTGACCGAGAGGTCCGGGTAATCTTTGAAACCGTATCGTGATGGGGATAGAACATTGCAATTATTGTTCTTCAACGAGGAATGCCTAGTAAGCGCGAGTCATCATCTCGCGTTGATTACGTCCCTGCCCTTTGTACACACCGCCCGTCGCTCCTACCGATTGAACGTGCTGGTGAAGCGTTAGGACTGGAACTTTGGGCCGGTCTCCTGCCCATTGTTTC | N5: Filogenia
A6: A2.2 | B6: Finalizado | C6: PLACA 1 | D6: 45824 | E6: Sanger-ALGASAL | F6: 1 | G6: EUKA/EUKB | H6: 45817 | I6: BUENA CALIDAD | J6: CONJUNTO | K6: POSITIVO | L6: 45833 | M6: >A2_2_EUKAB TGTAGGTATAACCTGTATACCGGTAAACTGCGAATGGCTCGGTAAATCAGTTATAGTTTATTTGATAGTGCAACCTACTCGGATAACCGTAGTAACACTAGAGCTAATACGTGCGTAAATCCCGACTTTTTGAAGGGACGTATTTATTAGATTTATGGTCAGCCGGGCTTGCCCGACCAGCGGTGAATCATGGTAACTTGACGGATTGCATGGCCTTCGTGCCGGCGACGTGTCATTCAAGTTTCTGCCCCATCAGGTTTCGACTGTAGTGTATTGGACTACAGTGCCTATAACGGGTAGCGGAGGATTAGGGTTCGATTCCGGAGAGGGAGCCTGAGAAACGGCTACCACATCCAAGGAAGGCAGCAGGCGCGCAAATTACCCAATCCCAATTCAGGGAGGTAGTGACAAGAAATAGCAATGCGGGGCGGATTCGCTCTGCAATTGGAATGAGAACAATGTAAACCACTTAACGAGTATCAATTGGAGGGCAAGTCTGGTGCCAGCAGCCGCGGTAATTCCAGCTCCAATAGCGTATATGTAAGTTGTTGCGATTAAAAAGCCCGTAGCTGAACCTCGGGTAACCCTGCCGGTCCGCATCATGTGAGTACTGTCGTGGGTTGCCTTTCTGGTAAGACCGTATCACGGGGTTAATTCACCGGGAACGAGGCTTGCCAAGGTTACTTTGAGTAAAATAGAGTGTTCAAAGCAAGCATGCGCTATGAATACACTAGCATGGGATAACACGACATGACCGGCGGTCTATCTTGTTGGCCTGTAGATCTGTTGGTAATGGCTAATAGGGACGGTCGGGGGCATTCGTATTTCGCTGTCAGAGGTGAAATTCTTGGATTTGCGAAAGACGAACTACTGCGAAAGCATTTGCCAAGGACGCTTTCATTAGTCAAGGACGAAAGTCGGGGGATCGAAGACGATTAGATACCGTCGTAGTCTCGACCATAAACGATGCCAATTAGGGATTGGAGGGCGGATCCATTATGCCTCCTCCAGCACCTTCCGCGAAAGCAAAATTTATGGGCTTCGGGGGGAGTATGGTCGCAGGGCTGAAACTTAAAGGAATTGACGGAACGGCACCACCAGGCGTGGAGCCTGCGGCTTAATTTGACTCAACACGGGAAAACTTACCAGGTCCAGACAAGAGGAGGATTTACAGATTGATAGCTCTTTAAAGATTTTTTGGATGGTGGTGCATGGCCGTTCTTAGTTCGTGGATTGATTTGTCAGGTTGATTCCGGTAACGGACGAGACCCCAACCTACTAACTAGCTCTGGTTGATATACAGCCTGCCAGCTTCTTAGAGGGACTCTCGGAATGAAACCGAAGGAGGTGGGGCAATAACAGGTCTGTGATGCCCTTAGATGTCCTGGGCCGCACGCGCGCTACACTGATGCATTCAACGAGCCTACCTGTGCCGAGAGGTATGGGCAATCTGCGAAACTGCATCGTGATGGGGCTAGATTATTGCAATTATTGATCTTCAACGAGGAATGCCTAGTAAGCGCGAGTCATCAACTCGCGTTGATTACGTCCCTGCCGTTTGTACACACCGCCCGTCGCTCCTACCGATTGAGTGTGCTGGTGAAATGTTCGGATTGGACGGCCGTTCGTAAGAGGGTCTTCTGAGAAGTTCATTGAACCCTCTCACTAGAGAATGAGAGCTGTATGCCTAC | N6: Filogenia
A7: A3.1 | B7: Finalizado | C7: PLACA 1 | D7: 45824 | E7: Sanger-ALGASAL | F7: 1 | G7: EUKA/EUKB | H7: 45817 | I7: BUENA CALIDAD | J7: CONJUNTO | K7: POSITIVO | L7: 45833 | M7: >A3_1_EUKA TGCATGTCTAGTATAAACAGTTTATACTGTGAAACTGCGAATGGCTCATTAAATCAGTTAGAGTTTATTTGATGGTACCACACTACTCGGATAACCGTAGTAAAGCTACAGCTAATACGTGCGTAACTCCCGACTTACGAAGGGACGTATTTATTAGATTCAAGGCCGACCGTGCTTGCACGTCTTTGGTGAATCATGGTAACTTCACGAATCGCAGGGTTTATCCCGGCGATGTTTCATTCAACTTTCTGCCCTATCAACTTTCGACGGTAGTATAGAGGACTACCGTGGTGGTAACGGGTGACGGAGGATTAGGGTTCGATTCCGGAGAGGGAGCCTGAGAAACGGCTACCACATCCAAGGAAGGCAGCAGGCGCGCAAATTACCCAATCCTGACACAGGGAGGTAGTGACAATAAATATCAATTCTGGGCCACATGGTCCGGTAATTGGAATGAGTACAATGTAAACGCCTTAACGAGGATCCATTGGAGGGCAAGTCTGGTGCCAGCAGCCGCGGTAATTCCAGCTCCAATAGCGTATATTTAAGTTGTTGCAGTTAAAAAGCTCGTAGTTGGATTTCGGGTGGGACGCAGCGGTCTCGCATTGCGTTTGTACTGCTGCAGCCCTCCTTCTTGCCGGGGGCGGCCCATCGGACTTCACTGTCTGGGGGTCAGAATCGGCGATGTTACTTTGAGTAAATTAGAGTGTTCAAAGCAAGCTTACGCTCTGAATATAATAGCATGGGATAACACGACAGGACTCTGGCCTATCGTGTTGGTCTATAGGACCAGAGTAATGATTAAGAGGGACAGTCGGGGGCATTCGTATTCCGTTGTCAGAGGTGAAATTCTTGGATTTACGGAAGACGAACATCTGCGAAAGCATTGGCCAAGGATGTTTTCATTGATCAAGAACGAAAGTTGGGGGCTCGAAGACGATAAGATACCGTCGTAGTCTCAACCATAAACGATGCCAACAGGATTGGCGGGGTGTTTTTTTGATGACT | N7: Filogenia
A8: A3.2 | B8: Finalizado | C8: PLACA 1 | D8: 45824 | E8: Sanger-ALGASAL | F8: 1 | G8: EUKA/EUKB | H8: 45817 | I8: BUENA CALIDAD | J8: CONJUNTO | K8: POSITIVO | L8: 45833 | M8: >A3_2_EUKAB_Premix TGCATGTCTAAGTATAAACAGTTTATACTGTGAAACTGCGAATGGCTCATTAAATCAGTTAGAGTTTATTTGATGGTACCACACTACTCGGATAACCGTAGTAAAGCTACAGCTAATACGTGCGTAACTCCCGACTTACGAAGGGACGTATTTATTAGATTCAAGGCCGACCGTGCTTGCACGTCTTTGGTGAATCATGGTAACTTCACGAATCGCAGGGTTTATCCCGGCGATGTTTCATTCAACTTTCTGCCCTATCAACTTTCGACGGTAGTATAGAGGACTACCGTGGTGGTAACGGGTGACGGAGGATTAGGGTTCGATTCCGGAGAGGGAGCCTGAGAAACGGCTACCACATCCGAGGAAGGCAGCAGGCGCGCAAATTACCCAATCCTGACACAGGGAGGTAGTGACAATAAATATCAATTCTGGGCCACATGGTCCGGTAATTGGAATGAGTACAATGTAAACGCCTTAACGAGGATCCATTGGAGGGCAAGTCTGGTGCCAGCAGCCGCGGTAATTCCAGCTCCAATAGCGTATATTTAAGTTGTTGCAGTTAAAAAGCTCGTAGTTGGATTTCGGGTGGGACGCAGCGGTCTCGCATTGCGTTTGTACTGCTGCAGCCCTCCTTCTTGCCGGGGGCGGCCCATCGGACTTCACTGTCTGGGGGTCAGAATCGGCGATGTTACTGTGAGTAAATTAGAGTGTTCAAAGCAAGCTTACGCTCTGAATATAATAGCATGGGATAACACGACAGGACTCTGGCCTATCGTGTTGGTCTATAGGACCAGAGTAATGATTAAGAGGGACAGTCGGGGGCATTCGTATTCCGTTGTCAGAGGTGAAATTCTTGGATTTACGGAAGACGAACATCTGCGAAAGCATTTGCCAAGGATGTCTTCATTGATCAAGAACGAAAGTCGGGGGCTCGAAGACGATTAGATACCGTCGTAGTCTCAACCATAAACGATGCCGACTAGGGATTGGCGGGTGTTTTTTTGATGACTCCGCCAGCACCTCATGAGAAATCAAAGTTTCTGGGTTCCGGGGGGAGTATGGTCGCAAGGCTGAAACTTAAAGGAATTGACGGAAGGGCACCACCAGGCGTGGAGCCTGCGGCTTAATTTGACTCAACACGGGAAAACTTACCAGGTCCAGACATAGGAAGGATTGACAGATTGAGAGCTCTTTCTTGATTCTATGGGTGGTGGTGCATGGCCGTTCTTAGTTGGTGGGTTGCCTTGTCAGGTTGATTCCGGTAACGAACGAGACCTCAGCCTGCTAAATAGTGACGTCTGCTTCGGCAGTCGCGCGCTTCTTAGAGGGACTGTTGGCGTCTAGCCAATGGAAGTATGAGGCAATAACAGGTCTGTGATGCCCTTAGATGTTCTGGGCCGCACGCGCGCTACACTGATACGTTCAACGAGCTCCTTGACCGAGAGGTCCGGGTAATCTTTGAAACCGTATCGTGATGGGGATAGAACATTGCAATTATTGTTCTTCAACGAGGAATGCCTAGTAAGCGCGAGTCATCATCTCGCGTTGATTACGTCCCTGCCCTTTGTACACACCGCCCGTCGCTCCTACCGATTGAACGTGCTGGTGAAGCGTTAGGACTGGAACTTTGGGCCGGTCTCCTGCCCATTGTTTCGGGAATTTCGTTGAACCCT | N8: Filogenia
A9: AH1A10_ | B9: Finalizado | C9: PLACA 1 | D9: 45824 | E9: Sanger-Feliciana | F9: 4 | G9: EUKA/EUKB | H9: 45819 | I9: BUENA CALIDAD | J9: CONJUNTO | K9: POSITIVO | L9: 45894 | M9: >AH1A10_EUKAB_1683_Chlorella_cf TGCATGTCTAAGTATAAACTGCTTTATACTGTGAAACTGCGAATGGCTCATTAAATCAGTTATAGTTTATTTGATGGTACTTACTACTCGGATACCCGTAGTAAATCTAGAGCTAATACGTGCGTAAATCCCGACTTCTGGAAGGGACGTATTTATTAGATAAAAGGCCGACCGGGCTTCTGCCCGACTCGCGGTGAATCATGATAACTTCACGAATCGCATGGCCTTGTGCCGGCGATGTTTCATTCAAATTTCTGCCCTATCAACTTTTGATGGTAGGATAGAGGCCTACCATGGTGGTAACGGGTGACGGAGGATTAGGGTTCGATTCCGGAGAGGGAGCCTGAGAAACGGCTACCACATCCAAGGAAGGCAGCAGGCGCGCAAATTACCCAATCCTGACACAGGGAGGTAGTGACAATAAATAACAATACTGGGCCTTTTCAGGTCTGGTAATTGGAATGAGTACAATCTAAACCCCTTAACGAGGATCAATTGGAGGGCAAGTCTGGTGCCAGCAGCCGCGGTAATTCCAGCTCCCATAGCGTATATCTAAGTTGCTGCAGTTAAAAAGCTCGTAGTTGGATTTCGGGTGGGACCTGCCGGTCCGCCGTTTCGGTGTGCACTGGCAGGGCTCACCTTGTTGCCCGGGACGGGCTCCTGGGCTTCACTGTCCGGGACTCGGAGTCGGCGCTGTTACTTTGAGTAAATTAGAGTGTTCAAAGCAGGCCTACGCTCTGAATACATTAGCATGGAATAACACGATAGGACTCTGGCCTATCCTGTTGGTCTGTAGGACCGGAGTAATGATTAAGAGGGACAGTCGGGGGCATTCGTATTTCATTGTCAGAGGTGAAATTCTTGGATTTATGAAAGACGAACTACTGCGAAAGCATTTGCCAAGGATGTTTTCATTAATCAAGAACGAAAGTTGGGGGCTCGAAGACGATTAGATACCGTCCTAGTCTCAACCATAAACGATGCCGACTAGGGATCGGCGGATGTTTCTTCGATGACTCCGCGGGCACCTTATGAGAAATCAAAGTTTTTGGGTTCCGGGGGGAGTATGGTCGCAAGGCTGAAACTTAAAGGAATTGACGGAAGGGCACCACCAGGCGTGGAGCCTGCGGCTTAATTTGACTCAACACGGGAAAACTTACCAGGTCCAGACATAGTGAGGATTGACAGATTGAGAGCTCTTTCTTGATTCTATGGGTGGTGGTGCATGGCCGTTCTTAGTTGGTGGGTTGCCTTGTCAGGTTGATTCCGGTAACGAACGAGACCTCAGCCTGCTAAATAGTCACGGTTGGTTCGCCAGCCGGCGGACTTCTTAGAGGGACTATTGGCGACTAGCCAATGGAAGCATGAGGCAATAACAGGTCTGTGATGCCCTTAGATGTTCTGGGCCGCACGCGCGCTACACTGATGCATTCAACGAGCCTAGCCTTGGCCGAGAGGCCCGGGTAATCTTCGAAACTGCATCGTGATGGGGATAGATTATTGCAATTATTAATCTTCAACGAGGAATGCCTAGTAAGCGCAAGTCATCAGCTTGCGTTGATTACGTCCCTGCCCTTTGTACACACCGCCCGTCGCTCCTACCGATTGGGTGTGCTGGTGAAGTGTTCGGATTGGCGACCTGGGGCGGTCTCCGCTCTCGGCCGCCGAGAAGTTCATTAAACC | N9: Filogenia
A10: AH1H12 | B10: Finalizado | C10: PLACA 1 | D10: 45824 | E10: Sanger-Feliciana | F10: 4 | G10: EUKA/EUKB | H10: 45819 | I10: NEGATIVA | J10: CONJUNTO | K10: REPETIDO | L10: 45894 | M10: - | N10: No aislado
A11: AL1 | B11: Finalizado | C11: PLACA 1 | D11: 45824 | E11: Sanger-ALGASAL | F11: 5 | G11: EUKA/EUKB | H11: 45820 | I11: BUENA CALIDAD | J11: CONJUNTO | K11: POSITIVO | L11: 45894 | M11: >AL1_EUKAB_Premix CGAAGTGGCTCACCTAAATCAGTTAGAGTTTATTTGATGGTACCACACTACTCGGATAACCGTAGTAAAGCTACAGCTAATACGTGCGTAACTCCCGACTTACGAAGGGACGTATTTATTAGATTCAAGACCGACCGTGCTTGCACGTCTTTGGTGAATCATGGTAACTTCACGAATCGCAGGGTCTATCCCGGCGATGTTTCATTCAACTTTCTGCCCTATCAACTTTCGACGGTGGTATAGAGGACTACCGTGGTGGTAACGGGTGACGGAGGATTAGGGTTCGATTCCGGAGAGGGAGCCTGAGAAACGGCTACCACATCCCAGGAAGGCAGCAGGCGCGCAAATTACCCAATCCTGACACAGGGAGGTAGTGACAATAAATATCAATTCTGGGCCACTTGGTCCGGTAATTGGAATGAGTACAATGTAAACGCCTTAACGAGGATCCATTGGAGGGCAAGTCTGGTGCCAGCAGCCGCGGTAATTCCAGCTCCAATAGCGTATATTTAAGTTGTTGCAGTTAAAAAGCTCGTAGTTGGATTTCGGGTGGGACGCAGCGGTCTCGCATTGCGTTTGTACTGCTGCAGCCCTCCTTCTTGCCGGGGGCGGCCCTCCGGACTTTATTGTCTGGGGGTCAGAATCGGCGATGTTACTTTGAGTAAATTAGAGTGTTCAAAGCAAGCTTACGCTCTGAATATAATAGCATGGGATAACACGACAGGACTCTGGCCTATCGTGTTGGTCTATAGGACCAGAGTAATGATTAAGAGGGACAGTCGGGGGCATTCGTATTCCGTTGTCAGAGGTGAAATTCTTGGATTTACGGAAGACGAACATCTGCGAAAGCATTTGCCAAGGATGTTTTCATTGATCAAGAACGAAAGTTGGGGGCTCGAAGACGATAAGATACCGTCGTAGTCTCAACCATAAACGATGCCGACTAGGGATTGGCGGGTGTTTTTTTGATGACTCCGCCAGCACCTCATGAGAAATCAAAGTTTTTGGGTTCCGGGGGGAGTATGGTCGCAAGGCTGAAACTTAAAGGAATTGACGGAAGGGCACCACCAGGCGTGGAGCCTGCGGCTTAATTTGACTCAACACGGGAAAACTTACCAGGTCCAGACATTAGGAAGGATTGACAGATTGAGAGCTCTTTCTTGATTCTATGGGTGGTGGTGCATGGCCGTTCTTAGTTGGTGGGTTGCCTTGTCAGGTTGATTCCGGTAACGAACGAGACCTCAGCCTGCTAAATAGTGACGTCTGCTGCGGCAGTCGCGCGCTTCTTAGAGGGACTGTTGGCGTCTAGCCAATGGAAGTATGAGGCAATAACAGGTCTGTGATGCCCTTAGATGTTCTGGGCCGCACGCGCGCTACACTGATACGTTCAACGAGCTCCTTGACCGAGAGGCCCGGGTAATCTTTGAAACCGTATCGTGATGGGGATAGAACATTGCAATTATTGTTCTTCAACGAGGAATGCCTAGTAAGCGCGAGTCATCATCTCGCGTTGATTACGTCCCTGCCCTTTGTACACACCGCCCGTCGCTCCTACCGATTGAACGTGCTGGTGAAGCGTTAGGACTGGAACTTCGGGCAGGTCTCCTGCTCATTGTTTCGGGAATTTCGTG | N11: Filogenia
A12: AL1D | B12: Finalizado | C12: PLACA 1 | D12: 45824 | E12: Sanger-ALGASAL | F12: 5 | G12: EUKA/EUKB | H12: 45820 | I12: BUENA CALIDAD | J12: CONJUNTO | K12: POSITIVO | L12: 45894 | M12: >AL1D_EUKAB_Premix CTGCTTATACTGTGAAACTGCGAATGGCTCATTAAATCAGTTATAGTTTATTTGATGGTACCTTTACTCGGATAACCGTAGTAATTCTAGAGCTAATACGTGCGTAAATCCCGACTTCTGGAAGGGACGTATTTATTAGATAAAAGGCCAGCCGGGCTTGCCCGACTCTTGGCGAATCATGATAACTTCACGAATCGCACGGCTTTATGCCGGCGATGTTTCATTCAAATTTCTGCCCTATCAACTTTCGATGGTAGGATAGAGGCCTACCATGGTGGTAACGGGTGACGGAGGATTAGGGTTCGATTCCGGAGAGGGAGCCTGAGAAACGGCTACCACATCCAAGGAAGGCAGCAGGCGCGCAAATTACCCAATCCCAACACGGGGAGGTAGTGACAATAAATAACAATACCGGGCATTTTTGTCTGGTAATTGGAATGAGTACAATCTAAATCCCTTAACGAGTATCCATTGGAGGGCAAGTCTGGTGCCAGCAGCCGCGGTAATTCCAGCTCCAATAGCGTATATTTAAGTTGTTGCAGTTAAAAAGCTCGTAGTTGGATTTCGGGTGGGTTGTAGCGGTCAGCCTTTGGTTAGTACTGCTACGGCCTACCTTTCTGCCGGGGACGAGCTCCTGGGCTTAACTGTCCGGGACTCGGAATCGGCGAGGTTACTTTGAGTAAATTAGAGTGTTCAAAGCAAGCCTACGCTCTGAATACATTAGCATGGAATAACACGATAGGACTCTGGCTTATCTTGTTGGTCTGTAAGACCGGAGTAATGATTAAGAGGGACAGTCGGGGGCATTCGTATTTCATTGTCAGAGGTGAAATTCTTGGATTTATGAAAGACGAACTTCTGCGAAAGCATTTGCCAAGGATGTTTTCATTAATCAGGAACGAAAGTTGGGGGCTCGAAGACGATTAGATACCGTCGTAGTCTCAACCATAAACGATGCCGACTAGGGATTGGCAGGTGTTTCGTTGATAACCCTGCCAGCACCTTATGAGAAATCAAAGTTTTTGGGTTCCGGGGGGAGTATGGTCGCAAGGCTGAAACTTAAAGGAATTGACGGAAGGGCACCACCAGGCGTGGAGCCTGCGGCTTAATTTGACTCAACACGGGAAAACTTACCAGGTCCAGACACGGGGAGGATTGACAGATTGAGAGCTCTTTCTTGATTCTGTGGGTGGTGGTGCATGGCCGTTCTTAGTTGGTGGGTTGCCTTGTCAGGTTGATTCCGGTAACGAACGAGACCTCAGCCTGCTAAATAGTCACGTCTACCTCGGTAGGCGCCTGACTTCTTAGAGGGACTATTGGCGTTTAGCCAATGGAAGTGTGAGGCAATAACAGGTCTGTGATGCCCTCAGATGTTCTGGGCCGCACGCGCGCTACACTGATGCATTCAACGAGCCTATCCTTGGCCGAGAGGTCCGGGTAATCTTTGAAACTGCATCGTGATGGGGATAGATTATTGCAATTATTAGTCTTCAACGAGGAATGCCTAGTAAGCGCGAGTCATCAGCTCGCGTTGATTACGTCCCTGCCCTTTGTACACACCGCCCGTCGCTCCTACCGATTGGGTGTGCTGGTGAAGTGTTTGGATCGGTATCAATGGG | N12: Filogenia
A13: BEA0300 | B13: Finalizado | C13: PLACA 1 | D13: 45824 | E13: Sanger-Colección | F13: 6 | G13: 27F/1494R | H13: 45821 | I13: BAJA CALIDAD | J13: CONJUNTO | K13: REPETIDO | L13: 45833 | M13: - | N13: Negativo para publicación
A14: BEA0300 | B14: Finalizado | C14: PLACA 1 | D14: 45824 | E14: Sanger-Colección | F14: 6 | G14: 27F/1494R | H14: 45821 | I14: BAJA CALIDAD | J14: CONJUNTO | K14: REPETIDO | L14: 45833 | M14: - | N14: Negativo para publicación
A15: BEA0473 | B15: Finalizado | C15: PLACA 1 | D15: 45824 | E15: Sanger-Colección | F15: 5 | G15: 27F/1494R | H15: 45820 | I15: NEGATIVA | J15: CONJUNTO | K15: POSITIVO | L15: 45894 | M15: >BEA_0473_1373 CTGGCGGTATGCTTAACACATGCAAGTCGAACGGTGTCTTCGGACATAGTGGCGGACGGGTGAGTAACGCGTGAGAATCTGCCTTCAGGTTGGGGACAACAACTGGAAACGGTTGCTAATACCCAATGTGCCGAGAGGTGAAAGCTTTAGTGCCTGAAGATGAGCTCGCGTCTGATTAGCTAGTTGGAGTGGTAACGGCACCCCAAGGCGACGATCAGTAGCTGGTCTGAGAGGATGATCAGCCACACTGGGACTGAGACACGGCCCAGACTCCTACGGGAGGCAGCAGTGGGGAATTTTCCGCAATGGGCGAAAGCCTGACGGAGCAATACCGCGTGAGGGAGGAAGGCTCTTGGGTCGTAAACCTCTTTTGTCAGGGAAGAACACAATGACGGTACCTGACGAATCAGCATCGGCTAACTCCGTGCCAGCAGCCGCGGTAATACGGGGGATGCAAGCGTTATCCGGAATTATTGGGCGTAAAGCGTCCGCAGGTGGTTGTCCAAGTCTGCTGTTAAAGCATGGGGCTTAACTCCATATAGGCAGTGGAAACTGGGCGACTAGAGTACGGTAGGGGTCGCGGGAATTCCCAGTGTAGCGGTGAAATGCGTAGATATTGGGAAGAACACCAGTGGCGAAAGCGCGCGGCTGGACCTGTACTGACACTGAGGGACGAAAGCTAGGGGAGCGAAAGGGATTAGATACCCCTGTAGTCCTAGCTGTAAACGATGGATACTAGGTGTTGCCCGTATCGACCCGGGCAGTGCCGTAGCTAACGCGTTAAGTATCCCGCCTGGGGAGTACGCACGCAAGTGTGAAACTCAAAGGAATTGACGGGGGCCCGCACAAGCGGTGGAGTATGTGGTTTAATTCGATGCAACGCGAAGAACCTTACCAGGACTTGACATGTCGCGAATCTTGGTGAAAGCTGAGAGTGCCTTCGGGAGCGCGAACACAGGTGGTGCATGGCTGTCGTCAGCTCGTGTCGTGAGATGTTGGGTTAAGTCCCGCAACGAGCGCAACCCTCGTTTTTAGTTGCCATCATTCAGTTGGGCACTCTAGAGAGACTGCCGGTGACAAACCGGAGGAAGGTGGGGATGACGTCAAGTCATCATGCCCCTTACGTCCTGGGCTACACACGTACTACAATGCTAGGGACAAAGGGTCGCAAGCTCGCGAGAGCAAGCTAATCCCATAAACCCTGGCTCAGTTCAGATTGCAGGCTGCAACTCGCCTGCATGAAGGCGGAATCGCTAGTAATCGCAGGTCAGCATACTGCGGTGAATACGTTCCCGGGCCTTGTACACACCGCCCGTCACACCATGGAAGTTGGTCACGCCCGAAGTCATTACTTCAACCGTTCGCGGAGGAGG | N15: SECUENCIADA | O15: Triple-secuencia
A16: BEA1067 | B16: Finalizado | C16: PLACA 1 | D16: 45824 | E16: Sanger-Colección | F16: 5 | G16: 27F/1494R | H16: 45820 | I16: NEGATIVA | J16: CONJUNTO | K16: REPETIDO | L16: 45894 | M16: - | O16: Triple-secuencia
A17: BEA1175 | B17: Finalizado | C17: PLACA 1 | D17: 45824 | E17: Sanger-Colección | F17: 5 | G17: 27F/1494R | H17: 45820 | I17: MEDIA CALIDAD | J17: CONJUNTO | K17: POSITIVO | L17: 45894 | M17: >BEA_1175_1362 ACACATGCAAGTCGAACGGAGTGCTTTCGGGCACTTAGTGGCGGACGGGTGAGTAACGCGTGAGGATCTGCCCTTAGGAGGGGAACAACAGTTGGAAACGACTGCTAATGCCCCATATGCCGAGAGGTGAAAAGTTATATCGCCTGAGGATGAACTCGCGTCTGATTAGCTAGTTGGTGGGGTAAGAGCTTACCAAGGCGACGATCAGTAGCTGGTCTAAGAGGATGATCAGCCACACTGGGACTGAGACACGGCCCAGACTCCTACGGGAGGCAGCAGTGGGGAATTTTCCGCAATGGGCGAAAGCCTGACGGAGCAACGCCGCGTGAGGGAGGAAGGCCTTAGGGTTGTAAACCTCTTTTCTCTGGGAAGAATAACTGACGGTACCAGAGGAATAAGCCTCGGCTAACTCCGTGCCAGCAGCCGCGGTAAGACGGAGGAGGCAAGCGTTATCCGGAATTATTGGGCGTAAAGCGTCCGCAGGCGGTTATTTAAGTCTGTTGTCAAAGGTCACAGCTCAACTGTGGATCGGCAATGGAAACTGGATGACTAGAGTGTGGTAGGGGTAGAGGGAATTCCCGGTGTAGCGGTGAAATGCGTAGATATCGGGAAGAACACCAGTGGCGAAGGCGCTCTACTGGGCCACAACTGACGCTGAGGGACGAAAGCTAGGGGAGCGAAAGGGATTAGATACCCCTGTAGTCCTAGCTGTAAACGATGGATACTAGGTGTTGGACGTATCGACCCGTGCAGTACCGTAGCTAACGCGTTAAGTATCCCGCCTGGGGAGTACGCACGCAAGTGTGAAACTCAAAGGAATTGACGGGGGCCCGCACAAGCGGTGGAGGATGTGGTTTAATTCGATGCAACGCGAAGAACCTTACCAAGGCTTGACATCCTGCGAATCTTTCAGAGATGAGAGAGTGCCTTCGGGAGCGCAGAGACAGGTGGTGCATGGCTGTCGTCAGCTCGTGTCGTGAGATGTTGGGTTAAGTCCCGCAACGAGCGCAACCCTCGTCCTTAGTTGCCAGCATTGAGTTGGGCACTCTGGGGAGACTGCCGTGGACAACACGGAGGAAGGTGGGGACGACGTCAAGTCATCATGCCCCTTACGTCTTGGGCTACACACGTCCTACAATGCTACAGACAGAGGGCAGCGAGCGCGCGAGTGCAAGCAAATCCCATAAACTGTGGCTCAGTTCAGATTGCAGGCTGCAACTCGCCTGCATGAAGGCGGAATCGCTAGTAATCGCCGGTCAGCATACGGCGGTGAATACGTTCCCGGGCCTTGTACACACCGCCCGTCACACCATGGGAGTTGGCCACGCCCGAAGTCGTTACTCTAACCGTTCGCGGAGGAGG | N17: POSITIVO | O17: Triple-secuencia
A18: BEA1189 | B18: Finalizado | C18: PLACA 1 | D18: 45824 | E18: Sanger-Colección | F18: 5 | G18: 27F/1494R | H18: 45820 | I18: NEGATIVA | J18: CONJUNTO | K18: REPETIDO | L18: 45894 | M18: - | O18: Triple-secuencia
A19: BEA1224 | B19: Finalizado | C19: PLACA 1 | D19: 45824 | E19: Sanger-Colección | F19: 6 | G19: 27F/1494R | H19: 45821 | I19: BUENA CALIDAD | J19: CONJUNTO | K19: POSITIVO | L19: 45894 | M19: >BEA1224_23S_ GGGAAGATCGTTCCTGCTAATACCCAATGTGCCGAGAGGTGAAAGCTTTAGTGCCTGAAGATGAGCTCGCGTCTGATTAGCTAGTTGGTGGGGTAATAGCTTACCAAGGCGACGATCAGTAGCTGGTCTGAGAGGATGATCAGCCACACTGGGACTGAGACACGGCCCAGACTCCTACGGGAGGCAGCTTTGGGGAATTTTCCGCAATGGGCGCAAGCCTGACGGAGCAAGACCGCGTGAGGGAGGAAGGCTCTTGGGTTGTAAACCTCTTTTATCAGGGAAGAAGATCTGACGGTACCTGATGAATCAGCATCGGCTAACTCCGTGCCAGCAGCCGCGGTAATACGGAGGATGCAAGCGTTATCCGGATTTATTGGGCGTAAAGCGTCCGCAGGTGGTTTTCCAAGTCTGCTGTTAAAGCGCGAGGCTTAACCTCGTACAGGCAGTGGAAACTGGGAGACTAGAGTATGGTAGGGGTAGCGGGAATTCCCAGTGTAGCGGTGAAATGCGTAGATATTGGGAAGAACACCAGCGGCGAAAGCGCGCTACTGGGCCATAACTGACACTCATGGACGAAAGCTAGGGGAGCGAAAGGGATTAGATACCCCTGTAGTCCTAGCTGTAAACGATGGGTACTAGGTGTTGACCGTATCGACCCGGTCAGTGCCGTAGCTAACGCGTTAAGTACCCCGCCTGGGGAGTATGCACGCAAGTGTGAAACTCAAAGGAATTGACGGGGGCCCGCACAAGCGGTGGAGTATGTGGTTTAATTCGATGCAACGCGAAGAACCTTACCAGGGCTTGACATGTCGCGAATCCCGGTGAAAGTCGGGAGTGCCTTCGGGAGCGCGAACACAGGTGGTGCATGGCTGTCGTCAGCTCGTGTCGTGAGATGTTGGGTTAAGTCCCGCAACGAGCGCAACCCTCGTTTTTAGTTGCCAGCATTCAGTTGGGCACTCTAGAGAGACTGCCGGTGACAAACCGGAGGAAGGTGGGGATGACGTCAAGTCAGCATGCCCCTTACGTCCTGGGCTACACACGTACTACAATGCTTCGGACAAAGGGTTGCGAGCTAGCGATAGCAAGCTAATCCCATAAACCGAGGCTCAGTTCAGATTGCAGGCTGCAACTCGCCTGCATGAAGGAGGAATCGCTAGTAATCCCAGGTCAGCATACTGGGGTGAATACGTTCCCGGGCCTTGTACACACCGCCCGTCACACCATGGGAGTTGGCCACGCCCGAAGTCGTTACTCCAACCGTTCGCGGAGGAGGATGCCGAAGGCAGGGCTGATGACTGGGGTGAAGTCGTAACAAGGTAGCCGTACCGGAAGGTGTGGCTGGATCACCTCCTTTTAGGGAGACCTACCCACATTGAAGCTTGAAAAAGCCAATGTTGGTCATCCCAAGGTCGTTCAAGTGTTAAGTGTTGGCTTTCAAACTAGCTAGGTTTGGTTTATGGGCTATTAGCTCAGGTGGTTAGAGCGCACCCCTGATAAGGGTGAGGTCCCTGGTTCGAGTCCAGGATGGCCCACCTTTGAGAGCGGTCAACCATCAGTGATCAGAGTTCTGTTGAGAGCTTATGAAAACTGAGCGTTGGTAGCTTTTCTGGGGGTTTAGCTCAGTTGGTAGAGCGCCTGCTTTGCAAGCAGGATGTCAGCGGTTCGAGTCCGCTAACCTCCACTGAGTGAATGGTTTCTTGAGCCCATTATTTAGAAGCGTTCAGCAACTCGTCTAGTGCTACTAGAGAGCCTGCTGGACTTGTTTCCAGCCAGAACCTTGAAAACTGCATAGTACTTGTCAGGTAGAAAGAGCAATATTTGCTTTGCGTCTGTCTTCAATTTTAATTGATTGAACGTCAGCGTTTGAGCATGTGTTGTGAA | O19: Secuencia bacteria Rhizobium
A20: BEA1253 | B20: Finalizado | C20: PLACA 1 | D20: 45824 | E20: Sanger-Colección | F20: 5 | G20: 27F/1494R | H20: 45820 | I20: NEGATIVA | J20: CONJUNTO | K20: POSITIVO | L20: 45894 | M20: >BEA_1253_1354 ACGGAATCTTCGGATTTAGTGGCGGACGGGTGAGTAACGCGTGAGAATCTGCCTTCAGGTTGGGGACAACAGTTGGAAACGACTGCTAATACCCAATGTGCCGAGAGGTGAAAGCTTTAGTGCCTGAGGATGAGCTCGCGTCTGATTAGCTAGTTGGAGTGGTAACGGCACACCAAGGCGACGATCAGTAGCTGGTCTGAGAGGATGATCAGCCACACTGGGACTGAGACACGGCCCAGACTCCTACGGGAGGCAGCAGTGGGGAATTTTCCGCAATGGGCGCAAGCCTGACGGAGCAAGACCGCGTGAGGGAGGAAGGCTCTTGGGTTGTAAACCTCTTTTATCAGGGAAGAAGATCTGACGGTACCTGATGAATCAGCATCGGCTAACTCCGTGCCAGCAGCCGCGGTAATACGGAGGATGCAAGCGTTATCCGGATTTATTGGGCGTAAAGCGTCCGCAGGTGGTTTTTCAAGTCTGCTGTTAAAGCGCAGAGCTTAACTCTGTAACGGCGGTGGAAACTGAGAGACTAGAGTATGGTAGGGGTAGCGGGAATTCCCAGTGTAGCGGTGAAATGCGTAGATATTGGGAAGAACACCAGCGGCGAAAGCGCGCTACTGGGCCATAACTGACACTCATGGACGAAAGCTAGGGGAGCGAAAGGGATTAGATACCCCTGTAGTCCTAGCTGTAAACGATGGATACTAGGTGTTGCCCGTATCGACCCGGGCAGTGCCGTAGCTAACGCGTTAAGTATCCCGCCTGGGGAGTATGCACGCAAGTGTGAAACTCAAAGGAATTGACGGGGGCCCGCACAAGCGGTGGAGTATGTGGTTTAATTCGATGCAACGCGAAGAACCTTACCAGGGCTTGACATGTCGCGAATCCCGGTGAAAGTCGGGAGTGCCTTCGGGAGCGCGAACACAGGTGGTGCATGGCTGTCGTCAGCTCGTGTCGTGAGATGTTGGGTTAAGTCCCGCAACGAGCGCAACCCTCGTTTTTAGTTGCCAGCATTTAGTTGGGCACTCTAGAGAGACTGCCGGTGACAAACCGGAGGAAGGTGGGGATGACGTCAAGTCAGCATGCCCCTTACGTCCTGGGCTACACACGTACTACAATGCTTCGGACAAAGGGTTGCAAGCCAGCGATGGCAAGCTAATCCCATAAACCGAGGCTCAGTTCAGATTGCAGGCTGCAACTCGCCTGCATGAAGGAGGAATCGCTAGTAATCGCAGGTCAGCATACTGCGGTGAATACGTTCCCGGGCCTTGTACACACCGCCCGTCACACCATGGGAGTTGGCCACGCCCGAAGTCGTTACTCCAACCGCTTGCGGAGGAGGATGCCGAAGGCA | O20: Secuencia pero mala
A21: BEA1267 | B21: Finalizado | C21: PLACA 1 | D21: 45824 | E21: Sanger-Colección | F21: 5 | G21: 27F/1494R | H21: 45820 | I21: NEGATIVA | J21: CONJUNTO | K21: REPETIDO | L21: 45894 | M21: -
A22: BEA1275 | B22: Finalizado | C22: PLACA 1 | D22: 45824 | E22: Sanger-Colección | F22: 6 | G22: 27F/1494R | H22: 45821 | I22: BUENA CALIDAD | J22: CONJUNTO | K22: POSITIVO | L22: 45894 | M22: >BEA1275_Premix GAAAGCGCTCTACTTTCTACCTGACAAGTTTCTATGCAGTTTTCAAGGTTCTGACTGGATTAACTCCATCAGGCTCTCTAAATCGTTAGATGAGTTGCTGAAATTGAATCGGGTTCCGTATGGAAAGCTGAAAGCCTTCAGTGGAGGTTAACGGACTCCAACCGTTGACATCCTGCTTGCAAAGCAGGCGCTCTACCAACTGAGCTAAACCCCCTTATCGTCCTAAAGGTGGGCCATCCTGGACTCGAACCAGGGACCTCACCCTTATCAGGGGTGCGCTCTAACCACCTGAGCTAATAGCCCATAACCCGAACCAATCTTACATAGCTTGGAAGTCAACACTTAATTCCTCAACGACCTTGGGTTGACCTATCTAATCTTGATTCGCTTACGCGCTCATTCGATTAGATGGGTAGGTCTCCCTAAAAGGAGGTGATCCAGCCACACCTTCCGGTACGGCTACCTTGTTACGACTTCACCCCAGTCATCAGCCCTGCCTTCGGCATCCTCCTCCGCGAACGGTTGGAGTAACGACTTCGGGCGTGGCCAACTCCCATGGTGTGACGGGCGGTGTGTACAAGGCCCGGGAACGTATTCACCGCAGTATGCTGACCTGCGATTACTAGCGATTCCGCCTTCATGCAGGCGAGTTGCAGCCTGCAATCTGAACTGAGCCACGGTTTATGAGATTTGCTTGTCCTCGCGAACTTGCGGCTCTTTGTCCGTAGCATTGTAGTACGTGTGTAGCCCAAGGCGTAAGGGGCATGCTGACTTGACGTCATCCCCACCTTCCTCCGGTTTGTCACCGGCAGTCTCTCTAAAGTGCCCAACTTAATGATGGCAACTAGAAACGAGGGTTGCGCTCGTTGCGGGACTTAACCCAACATCTCACGACAGGAGCTGACGACAGCCATGCACCACCTGTGTTCGCGCTCCCGAAGGCACTCTCTACTTTCCCAG
A23: BEA1277 | B23: Finalizado | C23: PLACA 1 | D23: 45824 | E23: Sanger-Colección | F23: 5 | G23: 27F/1494R | H23: 45820 | I23: NEGATIVA | J23: CONJUNTO | K23: PEDIR MUESTRA | L23: 45894 | M23: -
A24: BEA1279 | B24: Finalizado | C24: PLACA 1 | D24: 45824 | E24: Sanger-Colección | F24: 5 | G24: 27F/1494R | H24: 45820 | I24: BUENA CALIDAD | J24: CONJUNTO | K24: POSITIVO | L24: 45894 | M24: >BEA_1279_1019 CTCTTGGGTTGTAAACCTCTTTTCTCAAGGAATAAGATATGAAGGTACTTGAGGAATAAGCATCGGCTAACTCCGTGCCAGCAGCCGCGGTAATACGGAGGATGCAAGCGTTATCCGGAATGATTGGGCGTAAAGAGTCCGTAGGTGGTTGTGAAAGTCTGCTGTTAAAGAGCAAGGCTCAACCTTGTAAAGGCAGTGGAAACTACACAGCTAGAGTGCGTTCGGGGCAGAAGGAATTCCTGGTGTAGCGGTGAAATGCGTAGAGATCAGGAAGAACACCGGTGGCGAAAGCGTTCTGCTAGGCCGCAACTGACACTGAGGGACGAAAGCTAGGGGAGCGAATGGGATTAGATACCCCAGTAGTCCTAGCCGTAAACGATGGATACTAGGCGTGGCTTGTATCGACCCGAGCCGTGCCGGAGCCAACGCGTTAAGTATCCCGCCTGGGGAGTACGCACGCAAGTGTGAAACTCAAAGGAATTGACGGGGGCCCGCACAAGCGGTGGAGTATGTGGTTTAATTCGATGCAACGCGAAGAACCTTACCAAGACTTGACATGTCGCGAATCTTCTTGAAAGGGGAGAGTGCCTTCGGGAGCGCGAACACAGGTGGTGCATGGCTGTCGTCAGCTCGTGTCGTGAGATGTTGGGTTAAGTCCCGCAACGAGCGCAACCCTCGTTTTTAGTTGCCAGCATTAAGTTGGGCACTCTAGAGAGACTGCCGGTGACAAACCGGAGGAAGGTGGGGATGACGTCAAGTCAGCATGCCCCTTACGTCTTGGGCTACACACGTACTACAATGCTACGGACAAAGGGCAGCAAGCTAGCGATAGCAAGCAAATCTCACAAACCGTAGCTCAGTTCAGATCGCAGGCTGCAACTCGCCTGCGTGAAGGAGGAATCGCTAGTAATTGCAGGTCAGCATACTGCAGTGAATTCGTTCCCGGGCCTTGTACACACCGCCCGTCACACCATGGAAGCTGGCAACGCCCGAAGTCATTACTCCAACCATTCGTGGAG
A25: BEA1280 | B25: Finalizado | C25: PLACA 1 | D25: 45824 | E25: Sanger-Colección | F25: 6 | G25: 27F/1494R | H25: 45821 | I25: BUENA CALIDAD | J25: CONJUNTO | K25: POSITIVO | L25: 45894 | M25: >BEA_1280_1377 AACGCTGGCGGCGTGCTTAACACATGCAAGTCGAACGGACCCTTCGGGGTTAGTGGCGGACGGGTGAGTAACGCGTGAGGATCTGCCCTTAGGAGGGGAACAACAGTTGGAAACGACTGCTAATGCCCCATATGCCGAGAGGTGAAATGTTATATCGCCTGAGGATGAACTCGCGTCTGATTAGCTAGTTGGTGGGGTAAAGGCCCACCAAGGCGACGATCAGTAGCTGGTCTAAGAGGATGATCAGCCACACTGGGACTGAGACACGGCCCAGACTCCTACGGGAGGCAGCAGTGGGGAATTTTCCGCAATGGGCGAAAGCCTGACGGAGCAACGCCGCGTGAGGGAGGAAGGCCTTAGGGTTGTAAACCTCTTTTCTCTGGGAAGAAGAACTGACGGTACCAGAGGAATAAGCCTCGGCTAACTCCGTGCCAGCAGCCGCGGTAAGACGGAGGAGGCAAGCGTTATCCGGAATTATTGGGCGTAAAGCGTCCGCAGGCGGTTTTTTAAGTCTGTTGTTAAAGCCCACAGCTCAACTGTGGATCGGCAATGGAAACTGGGAGACTAGAGTGTGGTAGGGGTAGAGGGAATTCCCGGTGTAGCGGTGAAATGCGTAGATATCGGGAAGAACACCAGTGGCGAAGGCGCTCTACTGGGCCACAACTGACGCTGAGGGACGAAAGCTAGGGGAGCGAAAGGGATTAGATACCCCTGTAGTCCTAGCTGTAAACGATGGATACTAGGTGTTGGACGTATCGACCCGTGCAGTACCGTAGCTAACGCGTTAAGTATCCCGCCTGGGGAGTACGCACGCAAGTGTGAAACTCAAAGGAATTGACGGGGGCCCGCACAAGCGGTGGAGGATGTGGTTTAATTCGATGCAACGCGAAGAACCTTACCAAGGCTTGACATGTCGCGAATCTTTCAGAGATGAGAGAGTGCCTTCGGGAGCGCGAACACAGGTGGTGCATGGCTGTCGTCAGCTCGTGTCGTGAGATGTTGGGTTAAGTCCCGCAACGAGCGCAACCCTCGTTTTTAGTTGCCATCATTAAGTTGGGCACTCTAAAGAGACTGCCGGGGACAACTCGGAGGAAGGTGGGGACGACGTCAAGTCATCATGCCCCTTACGTCTTGGGCTACACACGTCCTACAATGCTACAGACAGAGGGCAGCGAGCGCGCGAGTGCAAGCAAATCCCATAAACTGTGGCTCAGTTCAGATTGCAGGCTGCAACTCGCCTGCATGAAGGCGGAATCGCTAGTAATCGCAGGTCAGCATACTGCGGTGAATACGTTCCCGGGCCTTGTACACACCGCCCGTCACACCATGGGAGTTGGCCACGCCCGAAGTCGTTACTCTAACCGTTCGCGGAGGAGG
A26: BEA1473 | B26: Finalizado | C26: PLACA 1 | D26: 45824 | E26: Sanger-Colección | F26: 5 | G26: 27F/1494R | H26: 45820 | I26: BUENA CALIDAD | J26: CONJUNTO | K26: POSITIVO | L26: 45894 | M26: >BEA_1473_994 CTTGGGTCGTAAACCTCTTTTCTCAGGGAAGAAAAAAATGACGGTACCTGAGGAATAAGCATCGGCTAACTCCGTGCCAGCAGCCGCGGTAATACGGAGGATGCAAGCGTTATCCGGAATGATTGGGCGTAAAGCGTCCGCAGGTGGCTATGTAAGTCTGCTGTTAAAGAGTCTAGCTCAACTAGATAAGAGCAGTGGAAACTACAAGGCTAGAGTACGTTCGGGGCAGAGGGAATTCCTGGTGTAGCGGTGAAATGCGTAGAGATCAGGAAGAACACCAGTGGCGAAGGCGCTCTGCTAGGCCGTAACTGACACTGAGGGACGAAAGCTAGGGGAGCGAATGGGATTAGATACCCCAGTAGTCCTAGCCGTAAACGATGGATACTAGGCGTGGCTTGTATCGACCCGAGCCGTGCCGTAGCTAACGCGTTAAGTATCCCGCCTGGGGAGTACGCCGGCAACGGTGAAACTCAAAGGAATTGACGGGGGCCCGCACAAGCGGTGGAGTATGTGGTTTAATTCGATGCAACGCGAAGAACCTTACCAAGGCTTGACATGTCGCGAATCTTGATGAAAGTTGAGAGTGCCTTCGGGAGCGCGAACACAGGTGGTGCATGGCTGTCGTCAGCTCGTGTCGTGAGATGTTGGGTTAAGTCCCGCAACGAGCGCAACCCTCGTTTTTAGTTGCCAGCATTAAGTTGGGCACTCTAGAGAGACTGCCGGTGACAAACCGGAGGAAGGTGGGGATGACGTCAAGTCAGCATGCCCCTTACGCCTTGGGCTACACACGTACTACAATGCTCCGGACAGAGGGCAGCAAGCATGCGAATGCAAGCAAATCCCGTAAACCGGAGCTCAGTTCAGATCGCAGGCTGCAACTCGCCTGCGTGAAGGAGGAATCGCTAGTAATTGCAGGTCAGCATACTGCAGTGAATTCGTTCCCGGGCCTTGTACACACCGCCCGTCACACCATGGAAGCTGGTAGTGCCCGAAG
A27: BEA1534 | B27: Finalizado | C27: PLACA 1 | D27: 45824 | E27: Sanger-Colección | F27: 5 | G27: 27F/1494R | H27: 45820 | I27: NEGATIVA | J27: CONJUNTO | K27: REPETIDO | L27: 45894 | M27: -
A28: BEA1547 | B28: Finalizado | C28: PLACA 1 | D28: 45824 | E28: Sanger-Colección | F28: 5 | G28: 27F/1494R | H28: 45820 | I28: BUENA CALIDAD | J28: CONJUNTO | K28: POSITIVO | L28: 45894 | M28: >BEA_1547_986 CTTGGGTTGTAAACCTCTTTTCTCAAGGAAGAAGTTCTGACGGTACTTGAGGAATCAGCATCGGCTAACTCCGTGCCAGCAGCCGCGGTAATACGGAGGATGCAAGCGTTATCCGGAATGATTGGGCGTAAAGCGTCCGCAGGTGGTTGTGTGTGTCTATTGTCAAAGCATCATGCTTAACATGATATGGGCAGTGGAAACTACACAACTAGAGTGCGTTCGGGGCAGAGGGAATTCCTGGTGTAGCGGTGAAATGCGTAGAGATCAGGAAGAACACCGGTGGCGAAAGCGCTCTGCTAGGCCGCAACTGACACTGAGGGACGAAAGCTAGGGGAGCGAATGGGATTAGATACCCCAGTAGTCCTAGCCGTAAACGATGGATACTAGGCGTTGAGAGTATCGACCCTCTCAGTGCCGTAGCTAACGCGTTAAGTATCCCGCCTGGGGAGTACGCACGCAAGTGTGAAACTCAAAGGAATTGACGGGGGCCCGCACAAGCGGTGGAGTATGTGGTTTAATTCGATGCAACGCGAAGAACCTTACCAGGGCTTGACATGTCTGGAATCTGCTCGAAAGGGTGGAGTGCCTTCGGGAGCCAGAACACAGGTGGTGCATGGCTGTCGTCAGCTCGTGTCGTGAGATGTTGGGTTAAGTCCCGCAACGAGCGCAACCCTCGTTCTTAGTTGCCAGCATTTCGGATGGGCACTCTAGGGAGACTGCCGGTGACAAACCGGAGGAAGGTGGGGATGACGTCAAGTCAGCATGCCCCTTACGTCCTGGGCTACACACGTACTACAATGCTCGAGACAAAGGGCAGCAAGTATGCGAATACAAGCAAATCTCATAAACTCGGGCTCAGTTCAGATCGCAGGCTGCAACTCGCCTGCGTGAAGTCGGAATCGCTAGTAATTGCAGGTCAGCATACTGCAGTGAATTCGTTCCCGGGCCTTGTACACTCCGCCCGTCACACCATGGAAGCTGGTCAC | N28: POSITIVO
A29: BEA1588 | B29: Finalizado | C29: PLACA 1 | D29: 45824 | E29: Sanger-Colección | F29: 5 | G29: 27F/1494R | H29: 45820 | I29: NEGATIVA | J29: CONJUNTO | K29: PEDIR MUESTRA | L29: 45894 | M29: -
A30: BEA1605 | B30: Finalizado | C30: PLACA 1 | D30: 45824 | E30: Sanger-Colección | F30: 5 | G30: 27F/1494R | H30: 45820 | I30: NEGATIVA | J30: CONJUNTO | K30: REPETIDO | L30: 45894 | M30: -
A31: BEA1639 | B31: Finalizado | C31: PLACA 1 | D31: 45824 | E31: Sanger-Colección | F31: 5 | G31: 27F/1494R | H31: 45820 | I31: NEGATIVA | J31: CONJUNTO | K31: POSITIVO | L31: 45894 | M31: >BEA_1639_957 GGCTCTTGGGTTGTAAACTCCTTTTCTCAGGGAAGAAAAAAATGACGGTACCTGAGGAATCAGCTTCGGCTAACTCCGTGCCAGCAGCCGCGGTAATACGGAGGATGCAAGCGTTATCCGGAATCGTTGGGCGTAAAGCGTCCGCAGGTGGCACTTCAAGTCTGCTGTCAAAGGTCGGGGCTTAACTCCGAACAGGCAGTGGAAACTGAAGCGCTCGAGTGCGGTAGGGGCAGAGGGAATTCCTGGTGTAGCGGTGAAATGCGTAGAGATCAGGAAGAACACCGGTGGCGAAAGCGCTCTGCTAGGCCGCAACTGACACTCAGGGACGAAAGCTAGGGGAGCGAATGGGATTAGATACCCCAGTAGTCCTAGCTGTAAACGATGGATACTAGGCGTTGCTTGTATCGACCCAAGCAGTGCCGTAGCTAACGCGTTAAGTATCCCGCCTGGGGAGTACGCACGCAAGTGTGAAACTCAAAGGAATTGACGGGGGCCCGCACAAGCGGTGGAGTATGTGGTTTAATTCGATGCAACGCGAAGAACCTTACCAGGGTTTGACATGTCCGGAACCCCACTGAAAGGTGGGGGTGCCTTCGGGAACCGGAACACAGGTGGTGCATGGCTGTCGTCAGCTCGTGTCGTGAGATGTTGGGTTAAGTCCCGCAACGAGCGCAACCCTCGTTTTTAGTTGCCAGCATTAAGTTGGGCACTCTAGAAAGACTGCCGGTGACAAACCGGAGGAAGGTGGGGATGACGTCAAGTCAGCATGCCCCTTACGCTCTGGGCTACACACGTACTACAATGCTATGGACAAAGGGCAGCAAGTTAGCGATGACAAGCAAATCCCATAAACCATGGCTCAGTTCAGATCGCAGGCTGCAACTCGCCTGCGTGAAGGCGGAATCGCTAGTAATCGCCGGTCAGCCATACGGCGGTGAATACGTTCCCGGGCCTTGT | N31: SECUENCIADA | O31: Secuencia bacteria Rhizobium
A32: BEA1895 | B32: Finalizado | C32: PLACA 1 | D32: 45824 | E32: Sanger-Colección | F32: 5 | G32: 27F/1494R | H32: 45820 | I32: NEGATIVA | J32: CONJUNTO | K32: POSITIVO | L32: 45894 | M32: >BEA_1895_1006 TCTTGGGTCGTAAACCTCTTTTCTCAGGGAAGAAAAAAATGACGGTACCTGAGGAATAAGCATCGGCTAACTCCGTGCCAGCAGCCGCGGTAATACGGAGGATGCAAGCGTTATCCGGAATGATTGGGCGTAAAGCGTCCGCAGGTGGCTGTGTAAGTCTGCTGTTAAAGAGTCATGCTCAACATGATAAGAGCAGTGGAAACTACACGGCTAGAGTGCGTTCGGGGCAGAGGGAATTCCTGGTGTAGCGGTGAAATGCGTAGAGATCAGGAAGAACACCGGTGGCGAAAGCGCTCTGCTAGGCCGCAACTGACACTGAGGGACGAAAGCTAGGGGAGCGAATGGGATTAGATACCCCAGTAGTCCTAGCCGTAAACGATGGATACTAGGCGTGGCTTGTATCGACCCGAGCCGTGCCGTAGCTAACGCGTTAAGTATCCCGCCTGGGGAGTACGCAGGCAACTGTGAAACTCAAAGGAATTGACGGGGGCCCGCACAAGCGGTGGAGTATGTGGTTTAATTCGATGCAACGCGAAGAACCTTACCAAGACTTGACATGTCGCGAATCTTCTTGAAAGGGAAGAGTGCCTTCGGGAGCGCGAACACAGGTGGTGCATGGCTGTCGTCAGCTCGTGTCGTGAGATGTTGGGTTAAGTCCCGCAACGAGCGCAACCCTCGTTTTTAGTTGCCATCATTAAGTTGGGCACTCTAGAGAGACTGCCGGTGACAAACCGGAGGAAGGTGGGGATGACGTCAAGTCAGCATGCCCCTTACGTCTTGGGCTACACACGTACTACAATGCTCCGGACAAAGGGCAGCAAGCTAGTGATAGCAAGCAAATCCCATAAACCGGAGCTCAGTTCAGATCGAAGGCTGCAACTCGCCTTCGTGAAGTCGGAATCGCTAGTAATTGCAGGTCAGCATACTGCAGTGAATTCGTTCCCGGGCCTTGTACACACCGCCCGTCACACCATGGAAGCTGGCAACGCCCGAAGTCATTACCCCA | N32: SECUENCIADA | O32: Secuencia pero mala
A33: D9LK2 | B33: Finalizado | C33: PLACA 1 | D33: 45824 | E33: Sanger-Feliciana | F33: 4 | G33: EUKA/EUKB | H33: 45819 | I33: NEGATIVA | J33: CONJUNTO | K33: REPETIDO | L33: 45894 | M33: - | N33: Filogenia pendiente
A34: GLA7 | B34: Finalizado | C34: PLACA 1 | D34: 45824 | E34: Sanger-Feliciana | F34: 4 | G34: EUKA/EUKB | H34: 45819 | I34: BUENA CALIDAD | J34: CONJUNTO | K34: POSITIVO | L34: 45894 | M34: >GLA7_EUKA_Premix CATGTCTAAGTATAAACTGCTTTATACTGTGAAACTGCGAATGGCTCATTAAATCAGTTATAGTTTATTTGATGGTACCTTACTACCGGATAACCGTAGTAATTCTAGAGCTAATACGTGCGTAAATCCCGACTTCTGGAAGGGACGTATTTATTAGATTTAAGGCCGACCCGGCTCTGCCGGTCTCGCGGTGAATCATGATAACTTCACGAATCGCATGGCCTTGCGCCGGCGATGTTTCATTCAAATTTCTGCCCTATCAACTTTCGATGGTAGGATAGAGGCCTACCATGGTGGTAACGGGTGACGGAGGATTAGGGTTCGATTCCGGAGAGGGAGCCTGAGAAACGGCTACCACATCCAAGGAAGGCAGCAGGCGCGCAAATTACCCAATCCTGACACAGGGAGGTAGTGACAATAAATAACAATACCGGGCCTTTTCAGGTCTGGTAATTGGAATGAGTACAATCTAAACCCCTTAACGAGGATCAATTGGAGGGCAAGTCTGGTGCCAGCAGCCGCGGTAATTCCAGCTCCCATAGCGTATATTTAAGTTGCTGCAGTTAAAAAGCTCGTAGTTGGATTTCGGGCGGGGCCTGCCGGTCCGCCGTTTCGGTGTGCACTGGCAGGGCCCGCCTTGTTGCCGGGGACGGGCTCCTGGGCTTCACTGTCCGGGACTCGGAGTCGGCGCTGTTACTTTGAGTAAATTAGAGTGTTCAAAGCAGGCCTACGCTCTGAATACATTAGCATGGAATAACACGATAGGACTCTGGCCTATCCTGTTGGTCTGTAGGACCGGAGTAATGATTAAGAGGGACAGTCGGGGGCATTCGTATTTCGATGTCAGAGGTGAAATTCTTGGATTTTCGAAAGACGAACTACTGCGAAAGCATTTGCCAAGGATGTTTTCATTAATCAAGAACGAAAGTTGGGGGCTCGAAGACGATTAGATACCGTCCTAGTCTCAACCATAAACGATGCCGACTAGGGATCGGCGGAAGTTTCTTCGATGACTCCGCCGGCACCTTATGAGAAATCAAAGTTTTTGGGTTCCGGGGGGAGTATGGTCGCAAGGCTGAAACTTAAAGGAATTGACGGAAGGGCACCACCAGGCGTGGAGCCTGCGGCTTAATTTGACTCAACACGGGAAAACTTACCAGGTCCAGACATAGTGAGGATTGACAGATTGAGAGCTCTTTCTTGATTCTATGGGTGGTGGTGCATGGCCGTTCTTAGTTGGTGGGTTGCCTTGTCAGGTTGATTCCGGTAACGAACGAGACCTCAGCCTGCTAAATAGTCACGGCCTCCTCGGGGGCCGGCAGACTTCTTAGAGGGACTATTGG | N34: Filogenia pendiente
A35: GLH3 | B35: Finalizado | C35: PLACA 1 | D35: 45824 | E35: Sanger-Feliciana | F35: 4 | G35: EUKA/EUKB | H35: 45819 | I35: MEDIA CALIDAD | J35: CONJUNTO | K35: POSITIVO | L35: 45894 | M35: >GLH3_EUKA_Premix Chlorella thermophila GTATAAACTGTTTTATACTGTGAAACTGCGAATGGCTCATTAAATCAGTTATAGTTTATTTGATGGTACCTACTACTCGGATACCCGTAGTAAATCTAGAGCTAATACGTGCGCAAATCCCGACTTCTGGAAGGGACGTATTTATTAGATAAAAGGCCGACCGGGCTTGCCCGACTCGCGGTGAATCATGATAACTTCACGAATCGCATGGCCTCGTGCCGGCGATGTTTCATTCAAATTTCTGCCCTATCAACTTTCGATGGTAGGATAGAGGCCTACCATGGTGGTAACGGGTGACGGAGGATTAGGGTTCGATTCCGGAGAGGGAGCCTGAGAAACGGCTACCACATCCAAGGAAGGCAGCAGGCGCGCAAATTACCCAATCCTGACACAGGGAGGTAGTGACAATAAATAACAATACTGGGCCTTTTCAGGTCTGGTAATTGGAATGAGTACAATCTAAACCCCTTAACGAGGATCAATTGGAGGGCAAGTCTGGTGCCAGCAGCCGCGGTAATTCCAGCTCCAATAGCGTATATTTAAGTTGCTGCAGTTAAAAAGCTCGTAGTTGGATTTCGGGTGGGGCCTGCCGGTCCGCCGTTTCGGTGTGCACTGGCAGGGCCCACCTTGTTGCCGGGGACGGGCTCCTGGGCTTCACTGTCCGGGACTCGGAGTCGGCGCTGTTACTTTGAGTAAATTAGAGTGTTCAAAGCAGGCCTACGCTCTGAATACATTAGCATGGAATAACACGATAGGACTCTGGCCTATCCTGTTGGTCTGTAGGACCGGAGTAATGATTAAGAGGGACAGTCGGGGGCATTCGTATTTCATTGTCAGAGGTGAAATTCTTGGATTTATGAAAGACGAACTACTGCGAAAGCATTTGCCAAGGATGTTTTCATTAATCAAGAACGAAAGTTGGGGGCTCGAAGACAATAAGATACCGTCCTAGTCTCAACCATAAACGATGCCAACTAGGGATCGGCGGATGTTTCTTCGATGACTCCGCCGGCACCTTATGAGAAATCAAAGTTTTTGGGTTCCGGGGGGAATATGGTCGCAAGGCTGAAACTTAAAGGAATTGACGGAAGGGCACCACCAGGCCTGGAGCCTGCGGCTTAATTTGACTCAACACGGGAAAACTTACCAGGTCCAGACATAGTGAGGATTGACAGATTGAGAGCTCTTTCTTGATTCTATGGGTGGTGGTGCATGGCCGTTCTTAGTTGGTGGGTTGCCTTGTCAGGTTGATTCCGGTAACGAACGAGACCTCAGCCTGCTAAATAGTCACGGTTGGCTCGCCAGCCGGCGGACTTCTTAGAGGGACTATTGGCGACTAGCCAATGGAAGCATGAGGCAATAACAGGTCTGTGATGCCCTTAGATGTTCTGGGCCGCACGCGCGCTACACTGATGCATTCAACGAGCCTATCCTTGGCCGAGAGGCCCGGGTAATCTTTGAATCTGCATCGTGATGGGGATAGATTATTGCAATTATTAATCTTCAACGAGGAATGCCTAGTAAGCGCAAGTCATCAGCTTGCGTTGATTACGTCCCTGCCCTTTGTACACACCGCCCGTCGCTCCTACCGATTGGGTGTGCTGGTGAAGTGTTCGGATTGGCGACCGGGGGCGGTCTCCGCTCTCGGCCGC | N35: Filogenia pendiente
A36: HL2G5 | B36: Finalizado | C36: PLACA 1 | D36: 45824 | E36: Sanger-Feliciana | F36: 4 | G36: EUKA/EUKB | H36: 45819 | I36: BUENA CALIDAD | J36: CONJUNTO | K36: POSITIVO | L36: 45894 | M36: >HL2G5_EUKB_Premix GTTGTTCAGTTTCAGCGCCAGTGGCTGGAAACAAGTTGCTAGTCACATTCCCATTTGCAGGTCAACAACCTGCAAAATGATTGTGGCAACATCCTCAAATTGCTGGGAAGCCCTAAAGCTGCTACATACCAAAGCTCGCTGGAAACAGCTAGCTGGCCAGGTTAATAACCTCGGGTATGGTGACAATTGTAGCAGATGAAGCATGCTCACATGCTGAAATGGGTAATCAGCAGCCAAGTCCTAAACGTGCTCGGTGTGGACAAGAGCCAAACCCAGTATGCATGGATGCAGTTCACAGACTAAATGGGGATGGGCCATCTAGGTCACATGGAGGCTAATGCATCCTTGGACCTGACGACGGCTTAAGATATAGTCGGCCTGTATCGAGAGGTACCCGATAGGAGGAAGTTTCAGCATTATGAAACGGAGAGCCTACCGGACGTCGTGTAATACTGTCTAGAGTAATCTGGCCAGGGCAAACTCTACCATGTTGGAGTCAATGCCTACGACGTAGATTCAGCGGGAGCCTGCGGCTTAATTTGACTCAACACGGGAAAACTTACCAGGTCCAGACATAGTGAGGATTGACAGATTGAGAGCTCTTTCTTGATTCTATGGGTGGTGGTGCATGGCCGTTCTTAGTTGGTGGGTTGCCTTGTCAGGTTGATTCCGGTAACGAACGAGACCTCAGCCTGCTAAATAGTCCTAGTTGCTTTTTGCAGCTAGCTGACTTCTTAGAGGGACTATTGGCGTTTAGTCAATGGAAGTATGAGGCAATAACAGGTCTGTGATGCCCTTAGATGTTCTGGGCCGCACGCGCGCTACACTGATGCATTCAACAAGCCTATCCTTGACCGAAAGGTCCGGGTAATCTTTGAAACTGCATCGTGATGGGGATAGATTATTGCAATTATTAGTCTTCAACGAGGAATGCCTAGTAAGCGCAAGTCATCAGCTTGCGTTGATTACGTCCCTGCCCTTTGTACACACCGCCCGTCGCTCCTACCGATTGGGTGTGCTGGTGAAGTGTTCGGATTGGCAGCTTAGGGTGGCAACACCTCAGGTCTGCCGAGAAGTTCATTAAACCCTC | N36: Filogenia pendiente
A37: J3 | B37: Finalizado | C37: PLACA 1 | D37: 45824 | E37: Sanger-Jan | F37: 4 | G37: EUKA/EUKB | H37: 45819 | I37: BUENA CALIDAD | J37: CONJUNTO | K37: POSITIVO | L37: 45895 | M37: >J3_EUKA_Premix CTGTGAAACTGCAAAGGGCTCAATAAATCATTTAGAGTTTATTTGATGGTACCACACTACTCGGATAACCGTAGTAAAGCTACAGCTAATACGTGCGTAACTCCCGACTTACGAAGGGACGTATTTATTAGATTCAAGGCCGACCGTGCTTGCACGTCTTTGGTGAATCACGGTAACTTCACGAATCGCATGGTTTATCCCGGCTATGTTTCATTCAACTTTCTGCCCTATCAACTTTCGACGGTAGTATAGAGGACTACCGTGGTGGTAACGGGTGACGGACGATTAAGGTTCGATTCCAGAGAGGGAGCCTGAGAAACGGCTACCACATCCGAGGAAGGCAGCAGGCGCGCAAATTACCCAATCCTGACACAGGGAGGTAGTGACAATAAATATCAATTCTGGGCCACATGGTCCGGTAATTGGAATGAGTACAATGTAAACGCCTTAACAAGGATCCCTTGAAGGGCAAGTCTGGTGCCACCAGCCCCGGTAATTCCGGCTCCAATAGCGTAAATCTAATTTGTTGCATTTAAAAAGCTCGTAGTTGGATTTCGGGTGGGACGCAGCGGTCTCGCATTGCGTTTGTACTGCTGCAGCCCTCCTTCTTGCCGGGGGCGGCCCATCGGACTTCTCTGTCTGGGGGTCACAAACGGCTATTTTACTTTGAGTAAATTATAGTGTTCAAAGCAAGCTTACGCTCTGAATATAATAGCATGGGAGAACACAACCGGACTCTGGCCTATCGTGTTGGTCTATAGGACCATAGTAATGATCAACAGGGACAGTCAGGGGCATTCTTATTCCGTTGTCAGAGGTGAAATTCTTGGATTTACGGAAGACGACCATCTGCGAAAGCATTGTCCAAGGATGTTTTCATTGATCATAACGAAAGTTGGGGGCTCGAAGACAATAAGATACCGTCGTAGTCTCAACCTAAACTATCCGACAACGATTGGCGGTG | N37: Filogenia pendiente
A38: LK2E2 | B38: Finalizado | C38: PLACA 1 | D38: 45824 | E38: Sanger-Feliciana | F38: 4 | G38: EUKA/EUKB | H38: 45819 | I38: BUENA CALIDAD | J38: CONJUNTO | K38: POSITIVO | L38: 45894 | M38: >LK2E2_EUKB_Premix CGGGACTGGGAGTCGGCGAGGATACTTTGAGTAAATGGAGTGTTCAAAGCAGGCCTACGCTCTGAACATTTAGCATGAATATCACGATAGGACTCTGGCCTATCTTGTTGGTCTGTAGGACCGGAGTAATGATTAAGAGGGACAGTCGGGGGCATTCGTATTTCATTGTCAGAGGTGAAATTCTTGGATTTATGAAAGACGAACTACTGCGAAAGCATTTGCCAAGGATGTTTTCATTAATCAAGAACGAAAGTTGGGGGCTCGAAGACGATTAGATACCGTCGTAGTCTCAACCATAAACGATGCCGACTAGGGATTGGCGGATGTTCTTTTGATGACTCCGCCAGCACCTTATGAGAAATCAAAGTTTTTGGGTTCCGGGGGGAGTATGGTCGCAAGGCTGAAACTTAAAGGAATTGACGGAAGGGCACCACCAGGCGTGGAGCCTGCGGCTTAATTTGACTCAACACGGGAAAACTTACCAGGTCCAGACATAGTGAGGATTGACAGATTGAGAGCTCTTTCTTGATTCTATGGGTGGTGGTGCATGGCCGTTCTTAGTTGGTGGGTTGCCTTGTCAGGTTGATTCCGGTAACGAACGAGACCTCAGCCTGCTAAATAGTGACGTGCGCTTTTTGCGGACGGCTCACTTCTTAGAGGGACTATTGGCGCTCAGTCAATGGAAGTATGAGGCAATAACAGGTCTGTGATGCCCTTAGATGTTCTGGGCCGCACGCGCGCTACACTGATGCATTCAACGAGCCTATCCTTGACCGAGAGGTCCGGGTAATCTTTGAAACTGCATCGTGATGGGGATAGATTATTGCAATTATTAGTCTTCAACGAGGAATGCCTAGTAAGCGCAAGTCATCAGCTTGCGTTGATTACGTCCCTGCCCTTTGTACACACCGCCCGTCGCTCCTACCGATTGGGTGTGCTGGTGAAGTGTTCGGATTGGCAGAAGTTGGTGGCAACACTGACTACTGCCGAGAAGTTCATTAAA | N38: Filogenia pendiente | O38: Pseudomuriella sp.
A39: RBCH10 | B39: Finalizado | C39: PLACA 1 | D39: 45824 | E39: Sanger-Feliciana | F39: 4 | G39: EUKA/EUKB | H39: 45819 | I39: BUENA CALIDAD | J39: CONJUNTO | K39: POSITIVO | L39: 45894 | M39: >RBCH10_EUKB_Premix GTGTTCAAAGCAGGCCTACGCTCTGAATACGTTAGCATGGAATAACACGATAGGACTCTGGCCTATCTTGTTGGTCTGTGGGACCGGAGTAATGATTAAGAGGGACGGTCGGGGGCATTCGTATTTCATTGTCAGAGGTGAAATTCTTGGATTTATGAAAGACGAACTTCTGCGAAAGCATTTGCCAAGGATGTTTTCATTAATCAAGAACGAAAGTTGGGGGCTCGAAGACGATTAGATACCGTCCTAGTCTCAACCATAAACGATGCCGACTAGGGATCGGCGGGTGTTCTTTCGATGACCCCGCCGGCACCTTACGAGAAATCAAAGTTTTTGGGTTCCGGGGGGAGTATGGTCGCAAGGCTGAAACTTAAAGGAATTGACGGAAGGGCACCACCAGGCGTGGAGCCTGCGGCTTAATTTGACTCAACACGGGAAAACTTACCAGGTCCAGACATAGTGAGGATTGACAGATTGAGAGCTCTTTCTTGATTCTATGGGTGGTGGTGCATGGCCGTTCTTAGTTGGTGGGTTGCCTTGTCAGGTTGATTCCGGTAACGAACGAGACCTCAGCCTGCTAAATAGTCACGCTCGGCTTCTGCCGGGCGGCAGCGCTTCTTAGAGGGACTATCGGCGACTAGCCGATGGAAGTGTGAGGCAATAACAGGTCTGTGATGCCCTTAGATGTTCTGGGCCGCACGCGCGCTACACTGACGCAATCAACGAGCCCAGCCTTGGTCGAGAGACCCGGGTAATCTTGTAACCTGCGTCGTGATGGGGCTAGACTCTTGCAATTATTAGTCTTCAACGAGGAATGCCTAGTAAGCGCGAGTCATCAGCTCGCGTTGATTACGTCCCTGCCCTTTGTACACACCGCCCGTCGCTCCTACCGATTGGATGTGCTGGTGAAGCCCTAGGACTGGCGGCCTTTGGTGGTTCTCCGCCGACGGTCGCCGGGAATTCGGTTAAACC | N39: Filogenia pendiente
A40: RD1A8 | B40: Finalizado | C40: PLACA 1 | D40: 45824 | E40: Sanger-Feliciana | F40: 4 | G40: EUKA/EUKB | H40: 45819 | I40: BUENA CALIDAD | J40: CONJUNTO | K40: POSITIVO | L40: 45894 | M40: >RD1A8_EUKA_B TATAAACTGCTTATACTGTGAAACTGCGAATGGCTCATTAAATCAGTTATAGTTTATTTGGTGGTACCTTCTTACTCGGAATAACCGTAAGAAATTTAGAGCTAATACGTGCGTAAATCCCGACTTCTGGAAGGGACGTATATATTAGATAAAAGGCCGACCGGACTCTGTCCGACCCGCGGTGAATCATGATATCTTCACGAAGCGCATGGCCTTGTGCCGGCGCTGTTCCATTCAAATTTCTGCCCTATCAACTTTCGATGGTAGGATAGAGGCCTACCATGGTGGTAACGGGTGACGGAGGATTAGGGTTCGATTCCGGAGAGGGAGCCTGAGAAACGGCTACCACATCCAAGGAAGGCAGCAGGCGCGCAAATTACCCAATCCTGATACGGGGAGGTAGTGACAATAAATAACAATACCGGGCATTTCATGTCTGGTAATTGGAATGAGTACAATCTAAATCCCTTAACGAGGATCCATTGGAGGGCAAGTCTGGTGCCAGCAGCCGCGGTAATTCCAGCTCCAATAGCGTATATTTAAGTTGTTGCAGTTAAAAAGCTCGTAGTTGGATTTCGGGTGGGTTTCAGCGGTCCGCCTATGGTGAGTACTGCTGTGGCCTATCTTACTGTCGGGGACCTGCTTCTGGGCTTCATTGTCCGGGACAGGGATTCGGCATGGTTACTTTGAGTAAATTGGAGTGTTCAAAGCAGGCTTACGCCGTGAACATTTTAGCATGGAATAACATGATAGGACTCTGCCCTATTCTGTTGGCCTGTAGGAGTGGAGTAATGATTAAGAGGAACAGTCGGGGGCATTCGTATTTCATTGTCAGAGGTGAAATTCTTGGATTTATGAAAGACGAACTACTGCGAAAGCATTTGCCAAGGATGTTTTCATTAATCAAGAACGAAAGTTGGGGGCTCGAAGACGATTAGATACCGTCGTAGTCTCAACCATAAACGATGCCAACTAGGGATTGGCGGACGTTTTTGCATGACTCCCTCAGCACCTTGAGAGAAATCAAAGTTTTTGGGTCCCGGGGGGGGTATGGTCGCAAGGCTGAAACTTAAAGGAATTGACGGAAGGGCACCACCAGGCGTGGAGCCGGCGGCTTAATTTGACTCAACACGGGAAAACTTACCAGGTCCAGACATAGGAAGGATTGACAGATTGAGAGCTCTTTCTTGATTCTATGGGTGGTGGTGCATGGCCGTTCTTAGTTGGTGGGTTGTCTTGTCAGGTTGATTCCGGTAACGAACGAGACCTCAGCCTTTAAATAGTCACTGTCGCTTTTTGCGGCTGGCTTTTGACTTCTTAGAGGGACAGTTGGCGTTTAGTCAACGGAAGTATGAGGCAATAACAGGTCTGTGATGCCCTTAGATGTTCTGGGCCGCACGCGCGCTACACTGATGCATTCAACAAGCCTATCCCTAGCCGAAAGGCTCGGGTAATCTTTGAAACTGCATCGTGATGGGGATAGATTATTGCAATTATTAGTCTTCAACGAGGAATGCCTAGTAAGCGCAATTCATCAGATTGCGTTGATTACGTCCCTGCCCTTTGTACACACCGCCCGTCGCTCCTACCGATTGGGTGTGCTGGTGAAGTGTTCGGATTGGCAATTATCGGTGGCAACACCGTCGATTGCCGAGAAGTTCA | N40: Filogenia pendiente
A41: RD1F9 | B41: Finalizado | C41: PLACA 1 | D41: 45824 | E41: Sanger-Feliciana | F41: 4 | G41: EUKA/EUKB | H41: 45819 | I41: BUENA CALIDAD | J41: CONJUNTO | K41: POSITIVO | L41: 45894 | M41: >RD1F9_EUKA_Premix CATGCATGTCTAAGTATAAACTGCTTATACTGTGAAACTGCGAATGGCTCATTAAATCAGTTATAGTTTATTTGGTGGTACCTTACTACTCGGATAACCGTAGTAATTCTAGAGCTAATACGTGCGTAAATCCCGACTCCTGGAAGGGACGTATATATTAGATAAAAGGCCGACCGGACTTTGTCCGACCCGCGGTGAATCATGATATCTTCACGAAGCGCATGGCCTTGCGCCGGCGCTGTTCCATTCAAATTTCTGCCCTATCAACTTTCGATGGTAGGATAGAGGCCTACCATGGTGGTAACGGGTGACGGAGGATTAGGGTTCGATTCCGGAGAGGGAGCCTGAGAAACGGCTACCACATCCAAGGAAGGCAGCAGGCGCGCAAATTACCCAATCCTGATACGGGGAGGTAGTGACAATAAATAACAATACCGGGCATTTCATGTCTGGTAATTGGAATGAGTACAATCTAAATCCCTTAACGAGGATCCATTGGAGGGCAAGTCTGGTGGACATTCAACCCATGCTGTTGACGCCAGAGATAGTAGGGCATTTGCTATGTTTGCAATTGTTATGCCTGCTAGTCGAGCAATCATTCAATTGAACGGGCTGATTGCCGGCAAGACGACCTGGTACGGGGAAGGCCTTCACTATTAAGGGCTAATCCCGTGGCGAGCTTGCAAAGGGTGACTTTTGTAAAGCCGTTGTAACGCACGGTAAGGCGTCGGCTGACTCAGTCAGAGTTGGCTTAAGGGACGTGCTAACCCCACCCGATGATAAAGGGTGTCCAATGCAATAGCACCCGTTCTGCAAAGGCATTGGAGGGCTACAGTGTAAGGAGGAAATGCCATACACTTGCCCGGTACAATTCAACTGGGATTCCAAGAGTTACCAATTCAATCAAATCAACATCAGATTGCCTTGGTAAAGTCGAACCCAGTGAAAGTGGCCAGCAGCCGCGGTAATTCCCGCTCCATAGCGTATATTTAAGTTGTTGCAGTTAAAAG >RD1F9_EUKB_Premix AAACAACCAGCTGGCCAGGTTAATAACCTCGGGTATGGTGACAACTGTAGCAGATGAAGCATGCTCACATGCTGAAATGTGTAATCAGCAGCCAAGTCCTAAACGTGCTCGGTGTGCTTAACACAGCTTCACCAAGTGTGCATGGATGCAGTTCACAGACTAAATGGGGGTGGGTCATCTAGTTCAACAGAACATCTCGATGGCTTAAGATATTGTCGGCCTGTACCGAGAGGTACCCGGCAGGAGGAAGTTTCAATCTAAATGAAATGGAGAGCCTGTCGGACGTCGTGTAATACTGTCTAGAGCAATCTAGCCAGGGCAAGCTCCACCACGGTGGAGCCAGTGCGTACGACGTAGAATCAGCGGGAGCCTGCGGCTTAATTTGACTCAACACGGGAAAACTTACCAGGTCCAGACATAGTGAGGATTGACAGATTGAGAGCTCTTTCTTGATTCTATGGGTGGTGGTGCATGGCCGTTCTTAGTTGGTGGGTTGCCTTGTCAGGTTGATTCCGGTAACGAACGAGACCTCAGCCTGCTAAATAGTCCTAGTTGCTTTTTGCAGCTAGCTGACTTCTTAGAGGGACTATTGGCGTTTAGTCAATGGAAGTATGAGGCAATAACAGGTCTGTGATGCCCTTAGATGTTCTGGGCCGCACGCGCGCTACACTGATGCATTCAACAAGCCTATCCTTGACCGAAAGGTCCGGGTAATCTTTGAAACTGCATCGTGATGGGGATAGATTATTGCAATTATTAGTCTTCAACGAGGAATGCCTAGTAAGCGCAAGTCATCAGCTTGCGTTGATTACGTCCCTGCCCTTTGTACACACCGCCCGTCGCTCCTACCGATTGGGTGTGCTGGTGAAGTGTTCGGATTGGCAGCTTAGGGTGGCAACACCTCAGGTCTGCCGAGAAGTTCATTAAACCCTCCCACCTAGAGAAGAGAGTCGAATGCAGC | N41: Filogenia pendiente
A42: RDCE1 | B42: Finalizado | C42: PLACA 1 | D42: 45824 | E42: Sanger-Feliciana | F42: 4 | G42: EUKA/EUKB | H42: 45819 | I42: BUENA CALIDAD | J42: CONJUNTO | K42: POSITIVO | L42: 45894 | M42: >RDCE1_EUKA_Premix GCATGTCTAAGTATAAACTGCTTATACTGTGAAACTGCGAATGGCTCATTAAATCAGTTATAGTTTATTTGGTGGTACCTTACTACTCGGATAACCGTAGTAATTCTAGAGCTAATACGTGCGCAAATCCCGACTCCTGGAAGGGACGTATATATTAGATAAAAGGCCGACCGGACTTTGTCCGACCCGCGGTGAATCATGATATCTTCACGAAGCGTATGGCCTTGCGCCGACGCTGTTCCATTCAAATTTCTGCCCTATCAACTTTCGATGGTAGGATAGAGGCCTACCATGGTGGTAACGGGTGACGGAGGATTAGGGTTCGATTCCGGAGAGGGAGCCTGAGAAACGGCTACCACATCCAAGGAAGGCAGCAGGCGCGCAAATTACCCAATCCTGATACGGGGAGGTAGTGACAATAAATAACAATACCGGGCATTTCATGTCTGGTAATTGGAATGAGTACAATCTAAATCCCTTAACGAGGATCCATTGGAGGGCAAGTCTGGTGGACATTCAACCCATGCTGTTGACGCCAGAGATAGTAGGGCATTTGCTATGTTTGCAATTGTTATGCCTGCTAGTCGAGCAATCATTCAATTGAACGGGCTGATTGCCGGCAAGACGACCTGGTACGGGGAAGGCCCTCACAACTAAGGGCTAATCCCGTGGCGAGCTTGCAAAAGGTGACTTTTGTAAAGCCGTCGTAACGCACGGTAAGGCGTCGGCTGACTCAATAAGAGTTGGCTTAAGGGACGTGCTAACCCCACCCGATGATAAAGGGTGTCCAATGCAATAGCACCCGTTCTGCAAAGGCATTGGAGGGCTATAGTGTAAGGAGGAAATGCCATACACTGCCCGGTACAATTCAACTGGGATTCCAAGAGGTACCCAGTGAAAGTGGCCAGCAGCCGCGGTAATTCCAGCTCCAATAGCGTATATTTAAGTTGTTGCAGTTAAAAAGCTCGTAGTTGGATTTCGGGTGGGTTCTAGCGGTCCGCCTATGGTGAGTACTGCTATGGCCTTCCTT >RDCE1_EUKB_Premix GGCAACATCCTCAAATTGCTGGGAAGCCCTAAAACTGCTACATACCAAAGCTTGTTGGAAACAACTAGCTGGCCAGGTTAATGACCTCGGGTATGGTGACAACTGTAGCAGATGAAGCATGCTCACATGCTGAAATGGGTAATCAGCAGCCAAGTCCTAAACGTGCTCGATGTGTTCAACATGACTCCACCGCAAGGGAGCTTATTGGTTGTCCAAGACACACCAAGCATGCATGGATGCAGTTCACAGACTAAATGGGGGTGGGCCCTCGAGGCTTAAGATATAGTCGGCCTGTACCGAGAGGTACCCGACAGGAGGAAGTTTCAGCCATACTGAAATGGAGAGCCTGTCGGACGTCGTGTAATACTGTCTAGAGCAATCTAGCCAGGGCAAGCTCCACCACGGTGGAGCCAATGTAGGCCTACGACGTAGATTCAGCGGGAGCCTGCGGCTTAATTTGACTCAACACGGGAAAACTTACCAGGTCCAGACATAGTGAGGATTGACAGATTGAGAGCTCTTTCTTGATTCTATGGGTGGTGGTGCATGGCCGTTCTTAGTTGGTGGGTTGCCTTGTCAGGTTGATTCCGGTAACGAACGAGACCTCAGCCTGCTAAATAGTCCTAGTTGCTTTTTGCAGCTAGCTGACTTCTTAGAGGGACTATTGGCGTTTAGTCAATGGAAGTATGAGGCAATAACAGGTCTGTGATGCCCTTAGATGTTCTGGGCCGCACGCGCGCTACACTGATGCATTCAACAAGCCTATCCTTGACCGAAAGGTCCGGGTAATCTTTGAAACTGCATCGTGATGGGGATAGATTATTGCAATTATTAGTCTTCAACGAGGAATGCCTAGTAAGCGCAAGTCATCAGCTTGCGTTGATTACGTCCCTGCCCTTTGTACACACCGCCCGTCGCTCCTACCGATTGGGTGTGCTGGTGAAGTGTTCGGATTGGCAGCTTAGGGTGGCAACACCTCAGGTCTGCCGAGAAGTTCATTAAACCCTCCC | N42: Filogenia pendiente
A43: RH1B12 | B43: Finalizado | C43: PLACA 1 | D43: 45824 | E43: Sanger-Feliciana | F43: 4 | G43: EUKA/EUKB | H43: 45819 | I43: BUENA CALIDAD | J43: CONJUNTO | K43: POSITIVO | L43: 45894 | M43: >RH1B12_EUKA_Premix TCTAAGTATAAACTGCTTTATACTGTGAAACTGCGAATGGCTCATTAAATCAGTTATAGTTTATTTGATGGTACCTTACTACCGGATAACCGTAGTAATTCTAGAGCTAATACGTGCGTAAATCCCGACTTCTGGAAGGGACGTATTTATTAGATTTAAGGCCGACCCGGCTCTGCCGGTCTCGCGGTGAATCATGATAACTTCACGAATCGCATGGCCTTGCGCCGGCGATGTTTCATTCAAATTTCTGCCCTATCAACTTTCGATGGTAGGATAGAGGCCTACCATGGTGGTAACGGGTGACGGAGGATTAGGGTTCGATTCCGGAGAGGGAGCCTGAGAAACGGCTACCACATCCAAGGAAGGCAGCAGGCGCGCAAATTACCCAATCCTGACACAGGGAGGTAGTGACAATAAATAACAATACCGGGCCTTTTCAGGTCTGGTAATTGGAATGAGTACAATCTAAACCCCTTAACGAGGATCAATTGGAGGGCAAGTCTGGTGCCAGCAGCCGCGGTAATTCCAGCTCCCATAGCGTATATCTAAGTTGCTGCAGTTAAAAAGCTCGTAGTTGGATTTCGGGCGGGGCCTGCCGGTCCGCCGTTTCGGTGTGCACTGGCAGGGCCCGCCTTGTTGCCCGGGACGGGCTCCTGGGCTTCACTGTCCGGGACTCGGAGTCGGCGCTGTTACTTTGAGTAAATTAGAGTGTTCAAAGCAGGCCTACGCTCTGAATACATTAGCATGGAATAACACGATTGGACTCTGGCCTATCCTGTTGGTCTGTAGGACCGGAGTAATGATTAAGAGGGACAGTCGGGGGCATTCGTATTTCGATGTCAGAGGTGAAATTCTTGGATTTTCGAAAGACGAACTACTGCGAAAGCATTTGCCAAGGATGTTTTCATTAATCAAGAACGAAAGTTGGGGGCTCGAAGACAATTAGATACCGTCCTAGTCTCAACCATAAACGATGCCGACTAGGGATCGGCGGATGTTTCTTCGATGACTCCGCCGGCACCTTATGAGAAATCAAAGTTTTTGGGTTCCGGGGGGAGTATGGTCGCAAGGCTGAAACTTAAAGGAATTGACGGAAGGGCACCACCAGGCGTGGAGCCTGCGGCTTAATTTGACTCAACACGGGAAAACTTACCAGGTCCAGACATAGTGAGGATTGACAGATTGAGAGCTCTTTCTTGATTCTATGGGTGGTGGTGCATGGCCGTTCTTAGTTGGTGGGTTGCCTTGTCAGGTTGATTCCGGTAACGAACGAGACCTCAGCCTGCTAAATAGTCACGGCCTCCTCGGGGGCCGGCAGACTTCTTAGAGGGACTATTGGCGACTAGCCAATGGAAGCATGAGGCAATAACAGGTCTGTGATGCCCTTAGATGTTCTGGGCCGCACGCGCGCTACACTGATGCAATCAACGAGCCTAGCCTTGGCCGAGAGGCCCGGGTAA-TCTTTGAAACTGCATCGTGATGGGGATAGATTATTGCAATTATTAATCTTCAACGAGGAATGCCTAGTAAGCGCAAGTCATCAGCTTGCGTTGATTACGTCCCTGCCCTTTGTACACACCGCCCGTCGCTCCTACCGATTGGGTGTGCTGGTGAAGTGTTCGGATTGGCAACCCGGGGCGGTTTCC | N43: Filogenia pendiente
A44: RJ1A12 | B44: Finalizado | C44: PLACA 1 | D44: 45824 | E44: Sanger-Feliciana | F44: 4 | G44: EUKA/EUKB | H44: 45819 | I44: BUENA CALIDAD | J44: CONJUNTO | K44: POSITIVO | L44: 45894 | M44: >RJ1A12_EUKA_B TGCATGTCTAAGTATAAACTGCTTTATACTGTGAAACTGCGAATGGCTCATTAAATCAGTTATAGTTTATTTGATGGTACCTACTACTCGGATACCCGTAGTAAATCTAGAGCTAATACGTGCGTAAATCCCGACTTCTGGAAGGGACGTATTTATTAGATAAAAGGCCGACCGGGCTCTGCCCGACTCGCGGTGAATCATGATAACTTCACGAATCGCATGGCCTTGTGCCGGCGATGTTTCATTCAAATTTCTGCCCTATCAACTTTCGATGGTAGGATAGAGGCCTACCATGGTGGTAACGGGTGACGGAGGATTAGGGTTCGATTCCGGAGAGGGAGCCTGAGAAACGGCTACCACATCCAAGGAAGGCAGCAGGCGCGCAAATTACCCAATCCTGACACAGGGAGGTAGTGACAATAAATAACAATACTGGGCCTTTTCAGGTCTGGTAATTGGAATGAGTACAATCTAAACCCCTTAACGAGGATCAATTGGAGGGCAAGTCTGGTGCCAGCAGCCGCGGTAATTCCAGCTCCAATAGCGTATATCTAAGTTGCTGCAGTTAAAAAGCTCGTAGTTGGATTTCGGGTGGGGCCTGCCGGTCCGCCGTTTCGGTGTGCACTGGCAGGGCCCACCTTGTTGCCGGGGACGGGCTCCTGGGCTTCACTGTCCGGGACTCGGAGTCGGCGCTGTTACTTTGAGTAAATTAGAGTGTTCAAAGCAGGCCTACGCTCTGAATACATTAGCATGGAATAACACGATAGGACTCTGGCCTATCCTGTTGGTCTGTAGGACCGGAGTAATGATTAAGAGGGACAGTCGGGGGCATTCGTATTTCATTGTCAGAGGTGAAATTCTTGGATTTATGAAAGACGAACTACTGCGAAAGCATTTGCCAAGGATGTTTTCATTAATCAAGAACGAAAGTTGGGGGCTCGAAGACGATTAGATACCGTCCTAGTCTCAACCATAAACGATGCCAACTAGGGATCGGCGGATGTTTCTTCGATGACTCCGCCGGCACCTTATGAGAAATCAAAGTTTTTGGGTTCCGGGGGGGATATGGTCGCAAGGCTGAAACTTAAAGGAATTGACGGAAGGGCACCACCCGGCGTGGAGCCTGCGGCTTAATTTGACTCAACACGGGAAAACTTACCAGGTCCAGACATAGTGAGGATTGACAGATTGAGAGCTCTTTCTTGATTCTATGGGTGGTGGTGCATGGCCGTTCTTAGTTGGTGGGTTGCCTTGTCAGGTTGATTCCGGTAACGAACGAGACCTCAGCCTGCTAAATAGTCACGGTTGGTTCTCCAGCCGGCGGACTTCTTAGAGGGACTATTGGCGACTAGCCAATGGAAGCATGAGGCAATAACAGGTCTGTGATGCCCTTAGATGTTCTGGGCCGCACGCGCGCTACACTGATGCATTCAACGAGCCTAGCCTTGGCCGAGAGGCCCGGGTAATCTTTGAAACTGCATCGTGATGGGGATAGATTATTGCAATTATTAATCTTCAACGAGGAATGCCTAGTAAGCGCAAGTCATCAGCTTGCGTTGATTACGTCCCTGCCCTTTGTACACACCGCCCGTCGCTCCTACCGATTGGGTGTGCTGGTGAAGTGTTCGGATTGGCGACCGGGTGCGGTCTCCGCTCTCGGCCGCCGAGAAGTTCAT | N44: Filogenia pendiente
A45: RJ2A12 | B45: Finalizado | C45: PLACA 1 | D45: 45824 | E45: Sanger-Feliciana | F45: 4 | G45: EUKA/EUKB | H45: 45819 | I45: NEGATIVA | J45: CONJUNTO | K45: REPETIDO | L45: 45894 | M45: >RJ2A12_EUKB_Premix TTCTGGTCACATTACCATCTCTGGCAAGACAGCCTGCAGTATGGACGTGGCAACACCCTCAAATTGCTGGGAAGCCCTAAAGCTGCTACATACCAAAGCTTGTCGGAAACAACCAGCAGGCCAGGTTAATAACCTCGGGTATGGTGACAACTGTAGCAGATGAAGCATGCTCACATGCTGAAATGTGTAATCAGCAGCCAAGTCCTAAACGTGCTCGGTGTGCTTAACACAGCTTCACCAAGTGTGCATGGATGCAGTTCACAGACTAAATGGGGGTGGGTCATCTAGTTCAACAGAACATCTCGATGGCTTAAGATATTGTCGGCCTGTACCGAGAGGTACCCGGCAGGAGGAAGTTTCAATCTAAATGAAATGGAGAGCCTGTCGGACGTCGTGTAATACTGTCTAGAGCAATCTAGCCAGGGCAAGCTCCACCACGGTGGAGCCAGTGCGTACGACGTAGAATCAGCGGGAGCCTGCGGCTTAATTTGACTCAACACGGGAAAACTTACCAGGTCCAGACATAGTGAGGATTGACAGATTGAGAGCTCTTTCTTGATTCTATGGGTGGTGGTGCATGGCCGTTCTTAGTTGGTGGGTTGCCTTGTCAGGTTGATTCCGGTAACGAACGAGACCTCAGCCTGCTAAATAGTCCTAGTTGCTTTTTGCAGCTAGCTGACTTCTTAGAGGGACTATTGGCGTTTAGTCAATGGAAGTATGAGGCAATAACAGGTCTGTGATGCCCTTAGATGTTCTGGGCCGCACGCGCGCTACACTGATGCATTCAACAAGCCTATCCTTGACCGAAAGGTCCGGGTAATCTTTGAAACTGCATCGTGATGGGGATAGATTATTGCAATTATTAGTCTTCAACGAGGAATGCCTAGTAAGCGCAAGTCATCAGCTTGCGTTGATTACGTCCCTGCCCTTTGTACACACCGCCCGTCGCTCCTACCGATTGGGTGTGCTGGTGAAGTGTTCGGATTGGCAGCTTAGGGTGGCAACACCTCAGGTCTGCCGAGAAGTTCAT >RJ2A12_EUKA_Premix ACTGCTTATACTGTGAAACTGCGAATGGCTCATTAAATCAGTTATAGTTTATTTGGTGGTACCTTACTACTCGGATAACCGTAGTAATTCTAGAGCTAATACGTGCGTAAATCCCGACTCCTGGAAGGGACGTATATATTAGATAAAAGGCCGACCGGACTTTGTCCGACCCGCGGTGAATCATGATATCTTCACGAAGCGCATGGCCTTGCGCCGGCGCTGTTCCATTCAAATTTCTGCCCTATCAACTTTCGATGGTAGGATAGAGGCCTACCATGGTGGTAACGGGTGACGGAGGATTAGGGTTCGATTCCGGAGAGGGAGCCTGAGAAACGGCTACCACATCCAAGGAAGGCAGCAGGCGCGCAAATTACCCAATCCTGATACGGGGAGGTAGTGACAATAAATAACAATACCGGGCATTTCATGTCTGGTAATTGGAATGAGTACAATCTAAATCCCTTAACGAGGATCCATTGGAGGGCAAGTCTGGTGGACATTCAACCCATGCTGTTGACGCCAGAGATAGTAGGGCATTTGCTATGTTTGCAATTGTTATGCCTGCTAGTCGAGCAATCATTCAATTGAACGGGCTGATTGCCGGCAAGACGACCTGGTACGGGGAAGGCCTTCACTATTAAGGGCTAATCCCGTGGCGAGCTTGCAAAGGGTGACTTTTGTAAAGCCGTTGTAACGCACGGTAAGGCGTCGGCTGACTCAGTCAGAGTTGGCTTAAGGGACGTGCTAACCCCACCCGATGATAAAGGGTGTCCAATGCAATAGCACCCGTTCTGCAAAGGCATTGGAGGGCTACAGTGTAAGGAGGAAATGCCATACACTTGCCCGGTACAATTCAACTGGGATTCCAAGAGTTACCAATTCAATCAAATCAACATCAGATTGCCTTGGTAAAGTCGAACCCAGTGAAAGTGGCCAGCAGCCGCGGTAATTCCAGCTCCAATAGCGTATATTTAAGTTGTTGCAGTTAAAAGCTCGTAGTTGG | N45: Filogenia pendiente | O45: Scenedesmaceae
A46: RJ2C2 | B46: Finalizado | C46: PLACA 1 | D46: 45824 | E46: Sanger-Feliciana | F46: 4 | G46: EUKA/EUKB | H46: 45819 | I46: BUENA CALIDAD | J46: CONJUNTO | K46: POSITIVO | L46: 45894 | M46: >RJ2C2_EUKA_B GTCTAAGTATAAACTGCTTATACTGTGAAACTGCGAATGGCTCATTAAATCAGTTATAGTTTATTTGGTGGTACCTTCTTACTCGGAATAACCGTAAGAAATTTAGAGCTAATACGTGCGTAAATCCCGACTTCTGGAAGGGACGTATATATTAGATAAAAGGCCGACCGGACTCTGTCCGACCCGCGGTGAATCATGATATCTTCACGAAGCGCATGGCCTTGTGCCGGCGCTGTTCCATTCAAATTTCTGCCCTATCAACTTTCGATGGTAGGATAGAGGCCTACCATGGTGGTAACGGGTGACGGAGGATTAGGGTTCGATTCCGGAGAGGGAGCCTGAGAAACGGCTACCACATCCAAGGAAGGCAGCAGGCGCGCAAATTACCCAATCCTGATACGGGGAGGTAGTGACAATAAATAACAATACCGGGCATTTCATGTCTGGTAATTGGAATGAGTACAATCTAAATCCCTTAACGAGGATCCATTGGAGGGCAAGTCTGGTGCCAGCAGCCGCGGTAATTCCAGCTCCCATAGCGTATATTTAAGTTGTTGCAGTTAAAAAGCTCGTAGTTGGATTTCGGGTGGGTTTCAGCGGTCCGCCTATGGTGAGTACTGCTGTGGCCTATCTTACTGTCGGGGACCTGCTTCTGGGCTTCATTGTCCGGGACAGGGATTCGGCATGGTTACTTTGAGTAAATTGGAGTGTTCAAAGCAGGCTTACGCCGTGAACATTTTAGCATGGAATAACATGATAGGACTCTGCCCTATTCTGTTGGCCTGTAGGAGTGGAGTAATGATTAAGAAGGAACAGTCGGGGGCATTCGTATTTCATTGTCAGAGGTGAAATTCTTGGATTTATGAAAGACGAACTACTGCGAAAGCATTGCCCAAGGATGTTTTCATTAATCAAGAACGAAAGTTGGGGGCTCGAAGACAATAAGATACCGTCGTAGTCTCAACCATAAACGATGCCCACAAGGGATTGGCGGAAGTTTTTGCATGACTCCCTCAGCACCTTGAGAGAAATCAAAGTTTTTGGGTTCCGGGGGGAGTATGGTCGCAAGGCTGAAACTTAAAGGAATTGACGGAAGGGCACCACCAGGCGTGGAGCCTGCGGCTTAATTTGACTCAACACGGGAAAACTTACCAGGTCCAGACATAGGAAGGATTGACAGATTGAGAGCTCTTTCTTGATTCTATGGGTGGTGGTGCATGGCCGTTCTTAGTTGGTGGGTTGTCTTGTCAGGTTGATTCCGGTAACGAACGAGACCTCAGCCTTTAAATAGTCACTGTCGCTTTTTGCGGCTGGCTTTTGACTTCTTAGAGGGACAGTTGGCGTTTAGTCAACGGAAGTATGAGGCAATAACAGGTCTGTGATGCCCTTAGATGTTCTGGGCCGCACGCGCGCTACACTGATGCATTCAACAAGCCTATCCCTAGCCGAAAGGCTCGGGTAATCTTTGAAACTGCATCGTGATGGGGATAGATTATTGCAATTATTAGTCTTCAACGAGGAATGCCTAGTAAGCGCAATTCATCAGATTGCGTTGATTACGTCCCTGCCCTTTGTACACACCGCCCGTCGCTCCTACCGATTGGGTGTGCTGGTGAAGTGTTCGGATTGGCAATTATCGGTGGCAACACCGTCGATTGCCGAGAAGTTC | N46: Filogenia pendiente
A47: RJ2D12 | B47: Finalizado | C47: PLACA 1 | D47: 45824 | E47: Sanger-Feliciana | F47: 4 | G47: EUKA/EUKB | H47: 45819 | I47: BUENA CALIDAD | J47: CONJUNTO | K47: POSITIVO | L47: 45894 | M47: >RJ2D12_EUKA_B CTGCTTATACTGTGAAACTGCGAATGGCTCATTAAATCAGTTATAGTTTATTTGGTGGTACCTTCTTACTCGGAATAACCGTAAGAAATTTAGAGCTAATACGTGCGTAAATCCCGACTTCTGGAAGGGACGTATATATTAGATAAAAGGCCGACCGGACTCTGTCCGACCCGCGGTGAATCATGATATCTTCACGAAGCGCATGGCCTTGTGCCGGCGCTGTTCCATTCAAATTTCTGCCCTATCAACTTTCGATGGTAGGATAGAGGCCTACCATGGTGGTAACGGGTGACGGAGGATTAGGGTTCGATTCCGGAGAGGGAGCCTGAGAAACGGCTACCACATCCAAGGAAGGCAGCAGGCGCGCAAATTACCCAATCCTGATACGGGGAGGTAGTGACAATAAATAACAATACCGGGCATTTCATGTCTGGTAATTGGAATGAGTACAATCTAAATCCCTTAACGAGGATCCATTGGAGGGCAAGTCTGGTGCCAGCAGCCGCGGTAATTCCAGCTCCCATAGCGTATATTTAAGTTGTTGCAGTTAAAAAGCTCGTAGTTGGATTTCGGGTGGGTTTCAGCGGTCCGCCTATGGTGAGTACTGCTGTGGCCTATCTTACTGTCGGGGACCTGCTTCTGGGCTTCATTGTCCGGGACAGGGATTCGGCATGGTTACTTTGAGTAAATTGGAGTGTTCAAAGCAGGCTTACGCCGTGAACATTTTAGCATGGAATAACATGATAGGACTCTGCCCTATTCTGTTGGCCTGTAGGAATGGAGTAATGATTAAGAGGAACAGTCGGGGGCATTCGTATTTCATTGTCAGAGGTGAAATTCTTGGATTTATGAAAGACGAACTACTGCGAAAGCATTTGCCAAGGATGTTTTCATTAATCAAGAACGAAAGTTGGGGGCTCGAAGACAATAAGATACCGTCGTAGTCTCACCATAAACGATGCCCACAAGGGATTGGCCGGAAGTTTTTGCATGAATCCCTCAGCACCTTGAGAGAAATCAAAATTTTTGGGTTCCGGGGGGAGTATGGTCCCAGGGCTGAAAATTATTGGAATTGACCGAAGGGCGCACCCAGGCCTGGAGCCTGCGGCTTAATTTGACTCAACACGGGAAAACTTACCAGGTCCAGACATAGGAAGGATTGACAGATTGAGAGCTCTTTCTTGATTCTATGGGTGGTGGTGCATGGCCGTTCTTAGTTGGTGGGTTGTCTTGTCAGGTTGATTCCGGTAACGAACGAGACCTCAGCCTTTAAATAGTCACTGTCGCTTTTTGCGGCTGGCTTTTGACTTCTTAGAGGGACAGTTGGCGTTTAGTCAACGGAAGTATGAGGCAATAACAGGTCTGTGATGCCCTTAGATGTTCTGGGCCGCACGCGCGCTACACTGATGCATTCAACAAGCCTATCCCTAGCCGAAAGGCTCGGGTAATCTTTGAAACTGCATCGTGATGGGGATAGATTATTGCAATTATTAGTCTTCAACGAGGAATGCCTAGTAAGCGCAATTCATCAGATTGCGTTGATTACGTCCCTGCCCTTTGTACACACCGCCCGTCGCTCCTACCGATTGGGTGTGCTGGTGAAGTGTTCGGATTGGCAATTATCGGTGGCAACACCGTCGATTGCCGAGAAGTTCATTAAACC | N47: Filogenia pendiente
A48: RPNOV | B48: Finalizado | C48: PLACA 1 | D48: 45824 | E48: Sanger-ALGASAL | F48: 5 | G48: EUKA/EUKB | H48: 45820 | I48: BUENA CALIDAD | J48: CONJUNTO | K48: POSITIVO | L48: 45895 | M48: >RPNOV_EUKAB TGCATGTCTAAGTATAAACAGTTTATACTGTGAAACTGCGAATGGCTCATTAAATCAGTTAGAGTTTATTTGATGGTACCACACTACTCGGATAACCGTAGTAAAGCTACAGCTAATACGTGCGTAACTCCCGACTTACGAAGGGACGTATTTATTAGATTCAAGGCCGACCGTGCTTGCACGTCTTTGGTGAATCATGGTAACTTCACGAATCGCAGGGTCTATCCCGGCGATGTTTCATTCAACTTTCTGCCCTATCAACTTTCGACGGTAGTATAGAGGACTACCGTGGTGGTAACGGGTGACGGAGGATTAGGGTTCGATTCCGGAGAGGGAGCCTGAGAAACGGCTACCACATCCCAGGAAGGCAGCAGGCGCGCAAATTACCCAATCCTGACACAGGGAGGTAGTGACAATAAATATCAATTCTGGGCCACATGGTCCGGTAATTGGAATGAGTACAATGTAAACGCCTTAACGAGGATCCATTGGAGGGCAAGTCTGGTGCCAGCAGCCGCGGTAATTCCAGCTCCAATAGCGTATATTTAAGTTGTTGCAGTTAAAAAGCTCGTAGTTGGATTTCGGGTGGGACGCAGCGGTCTCGCATTGCGTTTGTACTGCTGCAGCCCTCCTTCTTGCCGGGGGCGGCCCTTCGGACTTCACTGTCTGGGGGTCAGAATCGGCGATGTTACTTTGAGTAAATTAGAGTGTTCAAAGCAAGCTTACGCTCTGAATATAATAGCATGGGATAACACGACAGGACTCTGGCCTATCGTGTTGGTCTATAGGACCAGAGTAATGATTAAGAGGGACAGTCGGGGGCATTCGTATTCCGTTGTCAGAGGTGAAATTCTTGGATTTACGGAAGACGAACATCTGCGAAAGCATTTGCCAAGGATGTTTTCATTGATCAAGAACGAAAGTTGGGGGCTCGAAGACGATTAGATACCGTTGTAGTCTCAACCATAAACGATGCCGACTAGGGATTGGCGGGTGTTTTTTTGATGACCCCGCCAGCACCTCATGAGAAATCAAAGTTTTTGGGTTCCGGGGGGAGTATGGTCGCAAGGCTGAAACTTAAAGGAATTGACGGAAGGGCACCACCAGGCGTGGAGCCTGCGGCTTAATTTGACTCAACACGGGAAAACTTACCAGGTCCAGACATAGGAAGGATTGACAGATTGAGAGCTCTTTCTTGATTCTATGGGTGGTGGTGCATGGCCGTTCTTAGTTGGTGGGTTGCCTTGTCAGGTTGATTCCGGTAACGAACGAGACCTCAGCCTGCTAAATAGTGACGTCTGCTGCGGCAGTCGCGCGCTTCTTAGAGGGACTGTTGGCGTCTAGCCAATGGAAGTATGAGGCAATAACAGGTCTGTGATGCCCTTAGATGTTCTGGGCCGCACGCGCGCTACACTGATACGTTCAACGAGCTCCTTGACCGAGAGGCCCGGGTAATCTTTGAAACCGTATCGTGATGGGGATAGAACATTGCAATTATTGTTCTTCAACGAGGAATGCCTAGTAAGCGCGAGTCATCATCTCGCGTTGATTACGTCCCTGCCCTTTGTACACACCGCCCGTCGCTCCTACCGATTGAACGTGCTGGTGAAGCGTTAGGACTGGAACTTTGGGCCGGTTTCCTGCCCA | N48: Filogenia pendiente
A49: RS1H1 | B49: Finalizado | C49: PLACA 1 | D49: 45824 | E49: Sanger-ALGASAL | F49: 5 | G49: EUKA/EUKB | H49: 45820 | I49: BUENA CALIDAD | J49: CONJUNTO | K49: POSITIVO | L49: 45896 | M49: >RS1H1_EUKA_Premix TGCTTTATACTGTGAAACTGCGAATGGCTCATTAAATCAGTTATAGTTTATTTGATGGTACCTTACTACCGGATAACCGTAGTAATTCTAGAGCTAATACGTGCGTAAATCCCGACTTCTGGAAGGGACGTATTTATTAGATTTAAGGCCGACCCGGCTCTGCCGGTCTCGCGGTGAATCATGATAACTTCACGAATCGCATGGCCTTGCGCCGGCGATGTTTCATTCAAATTTCTGCCCTATCAACTTTCGATGGTAGGATAGAGGCCTACCATGGTGGTAACGGGTGACGGAGGATTAGGGTTCGATTCCGGAGAGGGAGCCTGAGAAACGGCTACCACATCCAAGGAAGGCAGCAGGCGCGCAAATTACCCAATCCTGACACAGGGAGGTAGTGACAATAAATAACAATACCGGGCCTTTTCAGGTCTGGTAATTGGAATGAGTACAATCTAAACCCCTTAACGAGGATCAATTGGAGGGCAAGTCTGGTGCCAGCAGCCGCGGTAATTCCAGCTCCCATAGCGTATATTTAAGTTGCTGCAGTTAAAAAGCTCGTAGTTGGATTTCGGGCGGGGCCTGCCGGTCCGCCGTTTCGGTGTGCACTGGCAGGGCCCGCCTTGTTGCCGGGGACGGGCTCCTGGGCTTCACTGTCCGGGACTCGGAGTCGGCGCTGTTACTTTGAGTAAATTAGAGTGTTCAAAGCAGGCCTACGCTCTGAATACATTAGCATGGAATAACACGATAGGACTCTGGCCTATCCTGTTGGTCTGTAGGACCGGAGTAATGATTAAGAGGGACAGTCGGGGGCATTCGTATTTCGATGTCAGAGGTGAAATTCTTGGATTTTCGAAAGACGAACTACTGCGAAAGCATTGGCCAAGGATGTTTTCATTAATCAAGAACGAAAGTTGGGGGCTCGAAGACAATAAGATACCGTCCTAGTCTCACCATAAACAATGCCCACTAGGGATCGGCGGATGTTTCTTCCATGACTCCGCCGGCACCTTATGAGAAATCAAAGTTTTTTGGTTCCGGGGGGAGTATGGTCGCAAGGCTGAAACTTAAAGGAATTGACGGAAGGGCACCACCAGGCGTGGAGCCTGCGGCTTAATTTGACTCAACACGGGAAAACTTACCAGGTCCAGACATAGTGAGGATTGACAGATTGAGAGCTCTTTCTTGATTCTATGGGTGGTGGTGCATGGCCTTTCTTAGTTGGTGGGTTGCCTTGTCAGGTTGATTCCGGTAACGAACGAGACCTCAGCCTGCTAAATAGTCACGGCCTCCTCGGGGGCCGGCAGACTTCTTAGAGGGACTATTGGCGACTAGCCAATGGAAGCATGAGGCAATAACAGGTCTGTGATGCCCTTAGATGTTCTGGGCCGCACGCGCGCTACACTGATGCAATCAACGAGCCTAGCCTTGGCCGAGAGGCCCGGGTAATCTTTGAAACTGCATCGTGATGGGGATAGATTATTGCAATTATTAATCTTCAACGAGGAATGCCTAGTAAGCGCAAGTCATCAGCTTGCGTTGATTACGTCCCTGCCCTTTGTACACACCGCCCGTCGCTCCTACCGATTGGGTGTGCTGGTGAAGTGTTCGGATTGGCAACCCGGGGCGGTTTCCGCCCTGGGCTGCCGAGAAGTTCATTAA | N49: Filogenia pendiente
A50: 1.1_MARZO_ALGASAL | B50: Finalizado | C50: PLACA 2 | D50: 30/06-08/07/2025 | E50: Sanger-ALGASAL | F50: 17 | G50: rbcLaF/LaR | H50: 45833 | I50: BUENA CALIDAD | J50: conjunto | K50: POSITIVO | L50: 45929 | M50: >1_1_Premix_Chlorophyceae_sp CCGTGATAAGCCTCACTAGATGATCTTATTGGTCTCCGAGATTCTGTGTGTATGATTTCCTTGATGTTGGAGCTGCTTTTACATATGACTCCACAACCAGGTGTTCCACCTGTAAGAATGTGGTGCAGCCGTATCAGCATGAATCATCAACAGGAACTTGGACAACTGTATGGACAGACGGTCTAACAACTTTAGACCGTTACAAAGGGCGTTGTTACGATATCGAACCAGTACCTGGTGAAGACAACCAATACATTGCTTACGTAGCTTACCCAATCGATTTATTCGAAGAAGGTTCAGTAACAAACTTATTCACATCAATCGTAGGAAACGTATTTGGTTTCAAAGCTTTACGTGCTCTTCGTTTAGAAGATCTTCGTATTTCTGCAGCTTACGCAAAAACTTTTGAAGGACCCCCACACGGTATTCAAGTTGAACGTGACAAATTAAACAAATACGGACGAGGACTTTTAGGATGTACGATCAAACCTAAATTAGGTTTATCAGCTAAAAACTACGGACGTGCTGTTTACGAATGTTTACGTGGTGATGGAA >1_1_rbcLaR_Premix_Chlorophyceae_sp ACAACAGAGACTAAAGCAGGCGCTGGATTTAAAGCGGGTGTAAAAGATTACCGTTTAACTTATTACACTCCTGATTACGTTGTAAAAGATACTGATATCTTAGCTGCATTCCGTATGACTCCACAACCAGGTGTTCCACCTGAAGAATGTGGTGCAGCCGTAGCAGCTGAATCATCAACAGGAACTTGGACAACTGTATGGACAGACGGTCTAACAACTTTAGACCGTTACAAAGGGCGTTGTTACGATATCGAACCAGTACCTGGTGAAGACAACCAATACATTGCTTACGTAGCTTACCCAATCGATTTATTCGAAGAAGGTTCAGTAACAAACTTATTCACATCAATCGTAGGAAACGTATTTGGTTTCAAAGCTTTACGTGCTCTTCGTTTAGAAGATCTTCGTATTTCTTCAGCTTACGCAAAAACTTTTGAAGGACCCCCACACGGTATTCAAGTTGAACGTTATAACACCACCAACAGCGAATGAAGACACCAATAAGTGTATATCAAACATGAGCTTCATTACAGCTAATTCAAG | N50: Filogenia informe algasal+
A51: 1.2_MARZO_ALGASAL | B51: Finalizado | C51: PLACA 2 | D51: 30/06-08/07/2025 | E51: Sanger-ALGASAL | F51: 16 | G51: ITS1/ITS4 | H51: 45833 | I51: BUENA CALIDAD | J51: conjunto | K51: POSITIVO | L51: 45929 | M51: >1_2_Premix_Ulva_sp. CACCTGCGGGCCCCGGCCCGCCGTAGTTTGGATCCGCCGGTCATCCTGGCCCCCCCCGGGGGCGGGCGGCCGGCTGGAGCCTCAACCCAGCCCACCCTCTGCCCTGAAGCAGCTTCGCATGGGGACACCCCTGCGACGTTCACCAGAGACAACTCTCAACAACGGATATCTTGGCTCTCGCAACGATGAAGAACGCAGCGAAATGCGATACGTAGTGTGAATTGCAGAATTCCGTGAGTCATCGAATCTTTGAACGCACATTGCCGGTCGACTCTTCGGAGGAGACCACATCTGCCTCAGCGTCGGAATACCCCCTCGCGCGGCCCCCCCGCCGCGCGGACCTGGCCCCCCCGGACGCACTGCCGCCCGGGCCGGCTGAAATGCAGAGGCTCGCGCGCGGCCCACTCGTGGCCCCGACTAGGTAGGTAGCTCGCTACTGCTAGGCGGCGGCTCGGCGCCTGCGCGCTGTGGGCCCCAGAGGATAACCCCCATTCATTCGACCTGAGTTCAGGTGAGGCTACCCGCTGAACTTAAGCTATATTAAAGGGAAGA | N51: Filogenia informe algasal+
A52: 1.2_MARZO_ALGASAL | B52: Finalizado | C52: PLACA 2 | D52: 30/06-08/07/2025 | E52: Sanger-ALGASAL | F52: 17 | G52: rbcLaF/LaR | H52: 45833 | I52: BUENA CALIDAD | J52: conjunto | K52: POSITIVO | L52: 45929 | M52: >1_2/R GACTAAAGCAGGCGCTGGATTTAAAGCGGGTGTAAAAGATTACCGTTTAACTTATTACACTCCTGATTACGTTGTAAAAGATACTGATATCTTAGCTGCATTCCGTATGACTCCACAACCAGGTGTTCCACCTGAAGAATGTGGTGCAGCCGTATCAGCTGAATCATCAACAGGAACTTGGACAACTGTATGGACAGACGGTCTAACAACTTTAGACCGTTACAAAGGGCGTTGTTACGATATCGAACCAGTACCTGGTGAAGACAACCAATACATTGCTTACGTAGCTTACCCAATCGATTTATTCGAAGAAGGTTCAGTAACAAACTTATTCACATCAATCGTAGGAAACGTATTTGGTTTCAAAGCTTTACGTGCTCTTCGTTTAGAAGATCTTCGTATTTCTTCAGCTTACGCAAAAACTTTTGAAGGACCCCCACACGGTATTCAAGTTGAACGTGACAAATTAAACAAATACGGACGAGGACTTTTAGGATGTACGATCAAACCTAAATTAGGTTTATCAGCTAAAAACTACGGACGTGCTGTTTACGAATGTTTACGTGGTGATG >1_2_Premix GCGTCACTAGATGATCTTATTGCACTCCGAGATTACGTTGTATGATTTCCTCGATGTTGTAGCTGCTTTCCCATATGACTCCACAACCAGGTGTTCCACCTGAAGAATGTGGTGCAGCCGTATCAGCATGAATCATCAACAGGAACTTGGACAACTGTATGGACAGACGGTCTAACAACTTTAGACCGTTACAAAGGGCGTTGTTACGATATCGAACCAGTACCTGGTGAAGACAACCAATACATTGCTTACGTAGCTTACCCAATCGATTTATTCGAAGAAGGTTCAGTAACAAACTTATTCACATCAATCGTAGGAAACGTATTTGGTTTCAAAGCTTTACGTGCTCTTCGTTTAGAAGATCTTCGTATTTCTGCAGCTTACGCAAAAACTTTTGAAGGACCCCCACACGGTATTCAAGTTGAACGTGACAAATTAAACAAATACGGACGAGGACTTTTAGGATGTACGATCAAACCTAAATTAGGTTTATCAGCTAAAAACTACGGACGTGC | N52: Filogenia informe algasal+
A53: 1.3_MARZO_ALGASAL | B53: Finalizado | C53: PLACA 2 | D53: 30/06-08/07/2025 | E53: Sanger-ALGASAL | F53: 17 | G53: rbcLaF/LaR | H53: 45833 | I53: BUENA CALIDAD | J53: conjunto | K53: POSITIVO | L53: 45929 | M53: >1_3_Premix TACGTCGCATGCATGTTCGATGAGAGCGTCACTAGATGATCTATATTGGCTCCGAGATACCGTGTGTATGATTTCCTCGATGTGTGGAGCTGATTTCACATATGACTCCACAACCAGGTGTTCCACCTGAAGAATGTGGTGCAGCCGTATCAGCATGAATCATCAACAGGAACTTGGACAACTGTATGGACAGACGGTCTAACAACTTTAGACCGTTACAAAGGGCGTTGTTACGATATCGAACCAGTACCTGGTGAAGACAACCAATACATTGCTTACGTAGCTTACCCAATCGATTTATTCGAAGAAGGTTCAGTAACAAACTTATTCACATCAATCGTAGGAAACGTATTTGGTTTCAAAGCTTTACGTGCTCTTCGTTTAGAAGATCTTCGTATTTCTGCAGCTTACGCAAAAACTTTTGAAGGACCCCCACACGGTATTCAAGTTGAACGTGACAAATTAAACAAATACGGACGAGGACTTTTAGGATGTACGATCAAACCTAAATTAGGTTTATCAGCTAAAAACTACGGACGTGC | N53: Filogenia informe algasal+
A54: 2.1_MARZO_ALGASAL | B54: Finalizado | C54: PLACA 2 | D54: 30/06-08/07/2025 | E54: Sanger-ALGASAL | F54: 16 | G54: ITS1/ITS4 | H54: 45833 | I54: BUENA CALIDAD | J54: conjunto | K54: POSITIVO | L54: 45929 | M54: >2_1_Premix GATGCAATGGATCATCACTCACAGAGCACCAGCGGGCCCCGGCCCGCCGTAGTTTGGATCCGCCGGTCATCCTGGCCCCCCCCGGGGGCGGGCGGCCGGCTGGAGCCTCAACCCAGCCAACCCTCTGCCCTGAAGCAGCTTCGCATGGGGACACCCCTGCGACGTTAACCAGAGACAACTCTCAACAACGGATATCTTGGCTCTCGCAACGATGAAGAACGCAGCGAAATGCGATACGTAGTGTGAATTGCAGAATTCCGTGAGTCATCGAATCTTTGAACGCACATTGCCGGTCGACTCTTCGGAGGAGACCACATCTGCCTCAGCGTCGGAATACCCCCTCGCGCGGCCCCCCCGCCGCGCGGACCTGGCCCCCCCGGACGCACTGCCGCCCGGGCCGGCTGAAATGCAGAGGCTCGCGCGCGGCCCACTCGTGGCCCCGACTAGGTAGGTAGCTCGCTACTGCTAGGCGGCGGCTCGGCGCCTGCGCGCTGTGGGCCCCAGAGGATAACCCCCATTCATTCGACCTGAGTTCAGGTGAGGCTACCCGCTGAACTTAAGCATATCATA | N54: Filogenia informe algasal+
A55: 2.1_MARZO_ALGASAL | B55: Finalizado | C55: PLACA 2 | D55: 30/06-08/07/2025 | E55: Sanger-ALGASAL | F55: 17 | G55: rbcLaF/LaR | H55: 45833 | I55: BUENA CALIDAD | J55: conjunto | K55: POSITIVO | L55: 45929 | M55: >2_1_R ACAGAGACTAAAGCAGGCGCTGGATTTAAAGCGGGTGTAAAAGATTACCGTTTAACTTATTACACTCCTGATTACGTTGTAAAAGATACTGATATCTTAGCTGCATTCCGTATGACTCCACAACCAGGTGTTCCACCTGAAGAATGTGGTGCAGCCGTAGCAGCTGAATCATCAACAGGAACTTGGACAACTGTATGGACAGACGGTCTAACAACTTTAGACCGTTACAAAGGGCGTTGTTACGATATCGAACCAGTACCTGGTGAAGACAACCAATACATTGCTTACGTAGCTTACCCAATCGATTTATTCGAAGAAGGTTCAGTAACAAACTTATTCACATCAATCGTAGGAAACGTATTTGGTTTCAAAGCTTTACGTGCTCTTCGTTTAGAAGATCTTCGTATTTCTTCAGCTTACGCAAAAACTTTTGAAGGACCCCCACACGGTATTCAAGTTGAACGTTACAAATTAAACAAATACGGACGAGGACTTTTAGGATGTACGATCAAACCTAAATTAGGTTTATCAGCTAAAAACTACGGACGTGCTGTTTACGAATGTTTACGTGGTGA | N55: Filogenia informe algasal+
A56: AL1 | B56: Finalizado | C56: PLACA 2 | D56: 30/06-08/07/2025 | E56: Sanger-ALGASAL | F56: 16 | G56: ITS1/ITS4 | H56: 45833 | I56: BUENA CALIDAD | J56: conjunto | K56: POSITIVO | L56: 45929 | M56: >AL1_Premix_Ulva_sp TGCGGGCGCCGCGCCTCCCCCGGGGGGAGCGGCGTCCGCCGTTTTCGGAACCGCCGGTGAGGTGCGCTCCCCCGGGGGCGCCCCCCTGCCGTGCGGGGCCCTAACCCATGAAACCTTCTGCCCTGAAGCAGCTTCGTACGGGGACACCCCTGCGATCTAACTGAGACGACTCTCAACAACGGATATCTAGGCTCTCGCAACGATGAAGAACGCAGCGAAATGCGATACGTAGTGTGAATTGCAGAATTCCGTGAGTCATCGAATCTTTGAACGCACATTGCCGGTCGAGTCTTCGGACGAGACCACATCTGCCTCAGCGTCGGGATACCCCCTCACGCCCGCTCGCGAGAGCGGGCCGTGGACCTGGCCCCCCCGGTCCTTGCGGCCGGGCTGGCTGAAGTACAGAGGTTCGTGCGCGGCCCATTCGCGGCCCCGACTAGGTAGGTTGCTCGCAACTTCTAGGCGGAGGCTCGGTGCCGTGTGCTATGAGCCACGAAGGATACTAACTTTCCATTCGACCTGAGTTCGGGTGAGGCTACCCGCTAAACTTAAGCATA | N56: Filogenia informe algasal+
A57: AL1 | B57: Finalizado | C57: PLACA 2 | D57: 30/06-08/07/2025 | E57: Sanger-ALGASAL | F57: 17 | G57: rbcLaF/LaR | H57: 45833 | I57: BUENA CALIDAD | J57: conjunto | K57: POSITIVO | L57: 45929 | M57: >AL1_R TAAAGCAGGCGCTGGATTTAAAGCGGGTGTAAAAGATTACCGTTTAACTTATTACACTCCTGATTACGTTGTAAAAGATACTGATATCTTAGCTGCATTCCGTATGACTCCACAACCAGGTGTTCCACCTGAAGAATGTGGTGCAGCCGTAGCAGCTGAATCATCAACAGGAACTTGGACAACTGTATGGACAGACGGTCTAACAACTTTAGACCGTTACAAAGGGCGTTGTTACGATATCGAACCAGTACCTGGTGAAGACAACCAATACATTGCTTACGTAGCTTACCCAATCGATTTATTCGAAGAAGGTTCAGTAACAAACTTATTCACATCAATCGTAGGAAACGTATTTGGTTTCAAAGCTTTACGTGCTCTTCGTTTAGAAGATCTTCGTATTTCTTCAGCTTACGCAAAAACTTTTGAAGGACCCCCACACGGTGTTCAAGTTGAACGTGACAAATTAAACAAATACGGACGAGGACTTTTAGGATGTACGATCAAACCTAAATTAGGTTTATCAGCTAAAAACTACGGACGTGCTGTTTACGAATGTTTAC | N57: Filogenia informe algasal+
A58: BEA0300 | B58: Finalizado | C58: PLACA 2 | D58: 30/06-08/07/2025 | E58: Sanger-Colección | G58: 781F/23S03R | H58: 45833 | I58: BUENA CALIDAD | J58: conjunto | K58: POSITIVO | L58: 45929 | M58: >BEA0300_Premix AAAGGAAACAAGGAAATTCCCTCCCCTCCGTTGTGGAGGAGTTTTTTGTAGGTTTTCTCCGCACGAGCTAAGGTCATAAAACCGCTCCTTATGCTATTCTTCTTAGGGCTTCACCAGCACTCCCAATCCGTATGAACCACGGGCGTTGTGTACCAAGGGCGTCTACCTCCCCCCCCTAGCTGATGACTTGCTCTAACTAAGCCTTCCTCGTGGAAAATCATTAAGTGCAATCATCCTTCCCCATCAGCAGGATTTTCAAAAATTACCCGGTCCTCTCTGCCCATGAGCTATGACCCTTGACTGTATCAGATGTAGCAGCGCGTGCAATCCAATCTATCAGATGCTATCCCAGACCTGTTATTCACTCTATGCTTTCACTGAATAAACATACATTGTCCCTTTCACAATGACTGCCGAGTCCAACAAGAGAACGCTTCTCCCTTTTTCTTGGGTTGGGTGTATATGTATCTTTCGTTTATACGTGTATACAAACCGGATAGCGCAGAATCCCGCTACACATAGGGAACGGGCCTTGTTTATCCCCCTCTGTTGATGACATAAGAAAAACTTATGCTCTTTCCTATTCGTGTCCAATCCTCAGCCTATGGTGTGAGAGCTTGTTGTCGTTTTCTCGCCTTTGTATAAATACAAAATAGAGATGGTCCAGACTACAACGAGCATGATCATTGCTCTTACAATCCAATCACTGTTAACTTCTACTACCATGGACATGCGCATCCCAGCGCACCCAGCAAACCTAAATACTTATTCTTATCCACATAATGGAAAGCGGTAGCGTAGGACCAGCTATTTCAGAAAGCCTCCCACATCTCCAAGCTTGCCTCCCATTTAGAATTTGCAAAGGAGAGAAAGAGGATCTGAGTCCACAGCACGAGATCCCCCCTACATATGATTTTTAAATACGTGATAAAAAAATCCCTATGTGCACAAGTAAACGCCAACTATTTCTTTATAGGATTGCCGAATAAATAATTACTTATATTAGTAGACACTAAGGAGCCTATAGTATCGCCTAACCTCTTCTTTTTTGTAAGTACATTCAGCCTTACTTAATATTTTACAGCGTGTAATGATTTTATCTCATGCGGTTTTGCATTGCAGAGCTTCGCTCAATGTGGGAGAAATTAATTATAATAAGACCATACGGACGGATGAAAAGATGAATCACACTCACTACCCTACTATGCCTGCCCAGTTCGTGATACACTAATCAGATTAATGCAGTGTATAACACATGCGCCATTCCATATAATGTGTAATCCCATAACTCTCAAGACATGTTGAATCCATTATACGCAAATTAATAATGGCAGTATAGTAGAATGGTCTCACTATACGTGTCTATGTACCAATATGTAGTACGCAACCAATATGATATCGTAATAGACTTATGAATTAATCTCGATGATTCTGACATTGGAAAGGTTTTTTTTCTTTTAAGTTTCAAATGATATTGACAACGAGAGCCCTCCACTATTGACTATGGATGGTCATCTTCATTAACCGTGATAATGAGATGAATTATGAAATATAAAGATCTTTGTATGTACACACGTTGAACGACGATTAGATTAATCCAATACGTAAAATGTTGGCCATTACTGTATCGATGTACTTAAAACATATTGTGCAAGAGATGATACTTAACCTCGTGGAATATATGAACGACTACAAAGATGGGACGGATTGATTTGACTGATTCTCCAATACCAATGACTAGTTTCCGCTATCATATGATTGAACAGACTATATTGCAAGCTTCCATCTCTACTGTAACTAATTTGATTTCTAATTAAAATATATCAACTTGCAATAAGACCACGACGTGTATAAATTATGTAGATATAGTATCCTTTCATGACTGTCGTGTTCTCTAGAATCGACTGATTTCAAACGCATCAAGAGGATAGATTTTCTAACTGTCGACGGGGGTATTTTCTTATGATATACGTATTTACACTCACC >BEA0300_Premix AGGCCGATTCGGTTTTGCTTACCATGCAGTCGAACGGAATGCTTAGGCATTTAGTGGCGGACGGGTGAGTAACGCGTGAGAATCTAGCTTCTGGTCGGGGACAACAGTTGGAAACGACTGCTAATACCGGATGTGCCGAGAGGTGAAAGGTTAACTGCCTGAAGATGAGCTCGCGTCTGATTAGCTAGTTGGTGTGGTAAGAGCGCACCAAGGCGACGATCAGTAGCTGGTCTGAGAGGATGATCAGCCACACTGGGACTGAGACACGGCCCAGACTCCTACGGGAGGCAGCAGTGGGGAATTTTCCGCAATGGGCGAAAGCCTGACGGAGCAATACCGCGTGAGGGAGGAAGGCTCTTGGGTTGTAAACCTCTTTTCTCAGGGAAGAAAAAAATGACGGTACCTGAGGAATAAGCATCGGCTAACTCCGTGCCAGCAGCCGCGGTAATACGGAGGATGCAAGCGTTATCCGGAATGATTGGGCGTAAAGGGTCCGCAGGTGGCACTGTAAGTCTGCTGTCAAAGAGCAAGGCTCAACCTTGTAAAGGCAGTGGAAACTACAGAGCTAGAGTACGTTCGGGGCAGAGGGAATTCCTGGTGTAGCGGTGAAATGCGTAGAGATCAGGAAGAACACCGGTGGCGAAAGCGCTCTGCTAGGCCTGTACTGACACTGAGGGACGAAAGCTAGGGGAGCGAATGGGATTAGATACCCCAGTAGTCCTAGCCGTAAACGATGGATACTAGGCGTGGCTTGTATCGACCCGAGCCGTGCCGGAGCTAACGCGTTAAGTATCCCGCCTGGGGAGTACGCACGCAAGTGTGAAACTCAAAGGAATTGACGGGGGCCCGCACAAGCGGTGGAGTATGTGGTTTAATTCGATGCAACGCGAAGAACCTTACCAAGACTTGACATGTCGCGAATCCTCTTGAAAGGGAGGAGTGCCTTCGGGAGCGCGAACACAGGTGGTGCATGGCTGTCGTCAGCTCGTGTCGTGAGATGTTGGGTTAAGTCCCGCAACGAGCGCAACCCTCGTTTTAGTTGCCAGCATTAAGATGGGCACTCTAGAGAGACTGCCGTGACAACCGGAGGAAGGGGGGATGACGTCAGTCAGATGCCCTTACGTCTGGGCTACCACGTACTACATGCTACGAACAAGGGCAGCTACCAGCGATGTGATGCAATCTCAAAATCGGGGTCAGTCAAACAAGGTGCACCGCCTCCGGAAGGAGAACGCTAGAATTGCGGCCCCAACTGCAGGAATTCTTCCGGCTTGAACACCGCCGTCACCAGGGGTGGTCCGCCAACTTTCCCCCTTTCGAGGGGCAGGAGAGGCGGAAGGGGGGGGGGGGGAGGGAAAAGAAAAAACAAAAACAACAAAACATACGCACGAATCGTTTTAAAAATTATTCTTTTCTTACTTTATTTTAATTCTTCCAACCCCATTCCGCCCACCAACCTCCCGATCTACTCTCACTTCACTCCCTACCTCCTCTGTCTTCTCTCTTTTGTCACTCCCGCCATTGATAGATGGGAAGTTTGTTACTTTCATCTCCATCATCTACTTCCGCCTCTTTCCTTCCCTTTTCTTCCTCTTCAGCAAATCGACCTCATGAACTACGTACGCGGGCGAG >BEA0300_Premix CGAGGGACTGTTCGCGAGACTCTTAGTGTGTAGGGGTGAGGGGTGTCACCAGAGCTTCAGCGGCTGCGCGCGGAAATCCCACTTATTTTCAAATTAATGATTGACGGGTGGCGAGCAAGGCGCTCGGTGCGTGGCTTAAGCCAAAGTCACGCGAAAAAAGCTACCACCTGTTTTGATGCATGGGTGGCCTGCTCGAAGAAGTTTTATCTTCGTGGACCCGGATACTGAGGCAGGATGAAAGTAGCCCGGCGCGTCATGAGGGGTTGTGATTTGTATCGCAACGACCGCTGGTGCGCCATTACTGATTCATGGAGTGTGAACACGCGACGGAACGTCGCAGGTAATTAGCAGAATGGGGTGGATGAGGTACCGAACTGATGGACCTTCCAGGACGAGCAACACTCGTGCACCAATTGGGCCTAGATGGTTTTCTTATCCCTATCTCCCTCGCCGTTTCTCCGACATCCGGTCACTATGAATACCCTTGGTCCACCTTAAAAATAATCTTGAATGAAGTGCTCCTTTTGCAGTCCTAACGAGGTCACTTCTTTTGTCCCCTGTCCTTGGAATAATCACCTTCCACAT >BEA0300_1494R_Premix GGGAATGGCATGTACTACTTCTATGCATCCCCTCTCCGATTTGTTGAGGTTATGACTTCGGGCGTGACCAGCTTCCATGGTGTGACGGGCGGTGTGTACAAGGCCCGGGAACGAATTCACTGCAGTATGCTGACCTGCAATTACTAGCGATTCCTCCTTCACGAAGGCGAGTTGCAGCCTTCGATCTGAACTGAGCCACGATTTCTGAGATTTGCATCACATCGCTGTGTAGCTGCCCTTTGTTCGTAGCATTGTAGTACGTGTGTAGCCCAAGACGTAAGGGGCATGCTGACTTGACGTCATCCCCACCTTCCTCCGGTTTGTCACCGGCAGTCTCTCTAGAGTGCCCATCTTAATGCTGGCAACTAAAAACGAGGGTTGCGCTCGTTGCGGGACTTAACCCAACATCTCACGACACGAGCTGACGACAGCCATGCACCACCTGTGTTCGCGCTCCCGAAGGCACTCCTCCCTTTCAAGAGGATTCGCGACATGTCAAGTCTTGGTAAGGTTCTTCGCGTTGCATCGAATTAAACCACATACTCCACCGCTTGTGCGGGCCCCCGTCAATTCCTTTGAGTTTCACACTTGCGTGCGTACTCCCCAGGCGGGATACTTAACGCGTTAGCTCCGGCACGGCTCGGGTCGATACAAGCCACGCCTAGTATCCATCGTTTACGGCTAGGACTACTGGGGTATCTAATCCCATTCGCTCCCCTAGCTTTCGTCCCTCAGTGTCAGTACAGGCCTAGCAGAGCGCTTTCGCCACCGGTGTTCTTCCTGATCTCTACGCATTTCACCGCTACACCAGGAATTCCCTCTGCCCCGAACGTACTCTAGCTCTGTAGTTTCCACTGCCTTTACAAGGTTGAGCCTTGCTCTTTGACAGCAGACTTACAGTGCCACCTGCGGACCCTTTACGCCCAATCATTCCGGATAACGCTTGCATCCTCCGTATTACCGCGGCTGCTGGCACGGAGTTAGCCGATGCTTATTCCTCAGGTACCGTCATTTTTTTCTTCCCTGAGAAAAGAGGTTTACAACCCAAGAGCCTTCCTCCCTCACGCGGTATTGCTCCGTCAGGCTTTCGCCCATTGCGGAAAATTCCCCACTGCTGCCTCCCGTAGGAGTCTGGGCCGTGTCTCAGTCCCAGGGGGCTGATCATCCTCTCAGACAGCTACTGATCGTCGCTTGGGGCGCTTTACCAACCAACTAGCTAATCAAACCGAGTTATCTTCGGGCAGTTAACTTTCACTTCGGGCATCCGGATTACAAGGGTTTCCACTGTGTCCCGACTGAAGTAAATCCCCCCTTCCCCCCCCCCCCAAAGCCCAAATTCCTTCTTTGGGGTGTAAAACCCCCCCCCCCCCCCGCGGAAAAAAAAAAATAAAACACTCACGATCGTCCATTTAATTTAGTACCTCACCCTTCCTAGGACCCCCCCCCTTCTCATCTCTTTTCTTCTTTTTCTGAGAAAAAAAAAAACGAAAAAAAAAATTCACTTAATATGCACCTCACCCGATGGTACTAGGACTTGCTATTCTCTTGAGTGCGAGGCTCGAAATGAATTATATTCCACGCCACCAAAATTTGGCCAATGGTGC | N58: Realizar análisis
